2017-06-23T00:00:00,27,9,6,1455.9260564248532
2017-06-24T00:00:00,15,7,8,845.7337747980459
2017-06-25T00:00:00,15,7,5,593.6811645226097
2017-06-26T00:00:00,23,10,12,1076.4946979704255
2017-06-27T00:00:00,35,8,15,2090.8528821247282
2017-06-28T00:00:00,15,6,5,1430.6962369681517
2017-06-29T00:00:00,41,13,11,2301.7883970489784
2017-06-30T00:00:00,22,11,7,1774.5884909396125
2017-07-01T00:00:00,12,7,10,3726.5430371028983
2017-07-02T00:00:00,34,13,12,3116.632581543281
2017-07-03T00:00:00,59,12,16,8058.374108139112
2017-07-04T00:00:00,52,14,19,13321.61184471808
2017-07-05T00:00:00,17,7,6,1443.1415660040082
2017-07-06T00:00:00,25,10,13,7433.104298630737
2017-07-07T00:00:00,42,7,16,7424.98223637746
2017-07-08T00:00:00,27,8,11,2959.656359467608
2017-07-09T00:00:00,21,11,9,1888.654431534244
2017-07-10T00:00:00,30,15,12,5598.932431437937
2017-07-11T00:00:00,52,10,17,6386.049342476948
2017-07-12T00:00:00,13,5,7,1431.0312332968585
2017-07-13T00:00:00,30,15,17,5000.986512447286
2017-07-14T00:00:00,3,3,2,408.232297098714
2017-07-15T00:00:00,4,4,3,394.02737192998177
2017-07-16T00:00:00,3,2,2,316.4467554228648
2017-07-17T00:00:00,7,5,5,1628.2018562100288
2017-07-18T00:00:00,33,11,9,3998.080202770265
2017-07-19T00:00:00,27,5,5,2808.8070017360365
2017-07-20T00:00:00,20,4,4,1721.927242248743
2017-07-21T00:00:00,26,6,9,2523.114325393558
2017-07-22T00:00:00,10,5,6,773.0135807384714
2017-07-23T00:00:00,10,6,6,737.4462682419509
2017-07-24T00:00:00,11,7,9,1623.4307979683433
2017-07-25T00:00:00,6,5,6,828.5079722271676
2017-07-26T00:00:00,5,4,4,317.8569683617648
2017-07-27T00:00:00,3,3,3,226.4823658532728
2017-07-28T00:00:00,5,4,3,313.6256621526616
2017-07-29T00:00:00,9,6,5,1424.7730507151846
2017-07-30T00:00:00,14,6,2,1003.53676729585
2017-07-31T00:00:00,3,3,3,274.00481030533655
2017-08-01T00:00:00,1,1,1,45.1471069399182
2017-08-02T00:00:00,1,1,1,522.2031939422568
2017-08-03T00:00:00,20,9,9,4347.504800355367
2017-08-04T00:00:00,2,2,1,90.80314862626524
2017-08-05T00:00:00,3,2,2,1543.4259300225601
2017-08-07T00:00:00,1,1,1,76.84912534602563
2017-08-08T00:00:00,5,4,4,995.4844800443234
2017-08-09T00:00:00,4,4,2,360.59154898834606
2017-08-10T00:00:00,1,1,1,90.4312233569841
2017-08-11T00:00:00,10,6,6,792.6938652423848
2017-08-12T00:00:00,15,5,3,913.8459282864097
2017-08-13T00:00:00,7,4,4,804.9690064344003
2017-08-14T00:00:00,3,3,3,509.8294144717132
2017-08-15T00:00:00,5,3,5,334.0320597580512
2017-08-16T00:00:00,1,1,1,135.26167301984205
2017-08-17T00:00:00,3,2,2,238.5341684974283
2017-08-19T00:00:00,1,1,1,117.6025526450028
2017-08-20T00:00:00,3,1,1,372.04491534956185
2017-08-21T00:00:00,7,6,4,667.7919171915844
2017-08-22T00:00:00,1,1,1,125.8668561414376
2017-08-23T00:00:00,2,2,2,155.77662328940082
2017-08-25T00:00:00,4,3,4,357.3090503545531
2017-08-27T00:00:00,1,1,1,121.55925212893035
2017-08-28T00:00:00,8,6,3,1038.1160131810652
2017-08-29T00:00:00,1,1,1,93.3176184285505
2017-08-30T00:00:00,2,2,2,177.14432682057273
2017-08-31T00:00:00,1,1,1,104.92982543950912
2017-09-01T00:00:00,5,3,2,512.9972799105785
2017-09-02T00:00:00,3,2,2,1120.6450424183784
2017-09-04T00:00:00,3,1,3,328.92259012565717
2017-09-08T00:00:00,1,1,1,77.503803112215
2017-09-10T00:00:00,3,1,2,207.9168067504384
2017-09-11T00:00:00,2,2,2,140.06447530099376
2017-09-12T00:00:00,2,1,1,82.2998039158386
2017-09-16T00:00:00,3,2,3,213.04273833255434
2017-09-17T00:00:00,1,1,1,65.2498065575686
2017-09-18T00:00:00,1,1,1,142.343120251315
2017-09-19T00:00:00,3,2,2,298.9205525277615
2017-09-20T00:00:00,3,3,2,379.90178933898346
2017-09-21T00:00:00,5,4,4,280.7306330391586
2017-09-23T00:00:00,5,3,2,279.35025515488053
2017-09-24T00:00:00,1,1,1,56.942141320865
2017-09-26T00:00:00,2,1,1,310.386890707189
2017-09-27T00:00:00,2,2,2,124.1547562828756
2017-09-28T00:00:00,4,2,2,81.2185067746468
2017-09-29T00:00:00,14,8,4,451.76376350690254
2017-10-01T00:00:00,1,1,1,454.381823056692
2017-10-04T00:00:00,1,1,1,58.4306262419638
2017-10-07T00:00:00,1,1,1,93.5697959552893
2017-10-09T00:00:00,1,1,1,26.6552930040912
2017-10-11T00:00:00,1,1,1,66.4481896317943
2017-10-12T00:00:00,2,2,2,120.022451037405
2017-10-13T00:00:00,7,5,4,530.0786661747516
2017-10-15T00:00:00,5,4,3,358.2742395295148
2017-10-19T00:00:00,2,2,1,125.06605710695506
2017-10-21T00:00:00,1,1,1,77.9907671887786
2017-10-25T00:00:00,1,1,1,44.69459618644065
2017-10-26T00:00:00,11,5,1,388.13985518371334
2017-10-27T00:00:00,2,1,1,59.4151959672706
2017-10-28T00:00:00,6,2,1,177.0363145528932
2017-10-29T00:00:00,1,1,1,21.30357997662188
2017-10-30T00:00:00,3,3,3,217.37136127995353
2017-10-31T00:00:00,6,3,2,222.47391683226212
2017-11-01T00:00:00,4,1,2,110.39764985973122
2017-11-02T00:00:00,3,2,2,110.95777969023968
2017-11-03T00:00:00,3,2,2,87.01068940677962
2017-11-07T00:00:00,1,1,1,262.8531615429576
2017-11-09T00:00:00,2,1,1,146.9449653535944
2017-11-12T00:00:00,1,1,1,90.58484637803194
2017-11-13T00:00:00,3,3,3,129.9503038573934
2017-11-15T00:00:00,2,2,2,135.62147845996512
2017-11-19T00:00:00,2,2,1,72.5491978959672
2017-11-20T00:00:00,3,2,1,110.8678600818234
2017-11-22T00:00:00,10,2,3,405.3258408445356
2017-11-23T00:00:00,750,112,58,4652.222747907927
2017-11-24T00:00:00,467,84,64,4174.475403366708
2017-11-25T00:00:00,215,45,48,1645.5994337662023
2017-11-26T00:00:00,172,32,54,2040.8243083431892
2017-11-27T00:00:00,203,38,68,1287.4723522851787
2017-11-28T00:00:00,903,224,127,10491.872882476968
2017-11-29T00:00:00,2253,482,325,25080.291417688637
2017-11-30T00:00:00,2262,509,354,21724.121381598827
2017-12-01T00:00:00,2600,629,401,36572.082363480804
2017-12-02T00:00:00,6527,1390,877,300133.84695681994
2017-12-03T00:00:00,14308,3426,2328,1592423.729324724
2017-12-04T00:00:00,15371,4863,3132,2015655.907485493
2017-12-05T00:00:00,16081,6105,3692,2207494.381906014
2017-12-06T00:00:00,13008,5185,2679,1727345.90985988
2017-12-07T00:00:00,17546,6695,3882,1488519.1302811066
2017-12-08T00:00:00,17926,6560,4471,1829125.8731590537
2017-12-09T00:00:00,21345,7462,5230,1607507.4135431738
2017-12-10T00:00:00,18800,6682,4302,993161.1707160069
2017-12-11T00:00:00,15696,6204,3467,866764.404530027
2017-12-12T00:00:00,11346,4791,2870,621067.6186756626
2017-12-13T00:00:00,10446,4214,3038,475324.29474078474
2017-12-14T00:00:00,8808,3671,2560,429297.5197816126
2017-12-15T00:00:00,7472,2964,2037,365566.85077694687
2017-12-16T00:00:00,7188,2662,1763,359226.9385017109
2017-12-17T00:00:00,6834,2477,1739,311343.6909792367
2017-12-18T00:00:00,6208,2213,1809,225604.50149317677
2017-12-19T00:00:00,4104,1673,1390,221009.234063504
2017-12-20T00:00:00,10659,1437,4601,174608.00700948594
2017-12-21T00:00:00,4538,1323,2197,176688.74098519314
2017-12-22T00:00:00,3117,1362,1140,87196.31933370412
2017-12-23T00:00:00,3791,1411,1179,100051.74971384031
2017-12-24T00:00:00,3275,1206,940,86598.01734705649
2017-12-25T00:00:00,2687,1012,817,90694.17549783674
2017-12-26T00:00:00,2883,977,859,77970.53308650365
2017-12-27T00:00:00,2801,1055,901,72224.71318466731
2017-12-28T00:00:00,2981,1074,829,70704.14629308239
2017-12-29T00:00:00,2335,936,676,63306.67511989334
2017-12-30T00:00:00,2438,986,688,49978.9115922914
2017-12-31T00:00:00,2293,808,676,81646.45482814699
2018-01-01T00:00:00,2376,864,708,73437.85090759529
2018-01-02T00:00:00,2116,899,709,67302.41333139417
2018-01-03T00:00:00,1218,561,474,37516.82191094619
2018-01-04T00:00:00,798,373,371,39390.25243127981
2018-01-05T00:00:00,911,486,402,30889.386212760706
2018-01-06T00:00:00,1297,586,680,70970.60720522625
2018-01-07T00:00:00,1093,526,554,42330.596231903146
2018-01-08T00:00:00,983,456,495,49087.20147106727
2018-01-09T00:00:00,658,349,358,33556.65861946862
2018-01-10T00:00:00,538,297,273,40125.076860683424
2018-01-11T00:00:00,866,431,465,40711.149072060194
2018-01-12T00:00:00,836,438,460,38957.441349536086
2018-01-13T00:00:00,858,426,402,42084.36070824664
2018-01-14T00:00:00,933,428,364,54108.85109569012
2018-01-15T00:00:00,683,342,309,44872.34576818399
2018-01-16T00:00:00,670,330,302,37119.76146659045
2018-01-17T00:00:00,776,362,342,30802.34370637338
2018-01-18T00:00:00,930,430,399,33126.75766585154
2018-01-19T00:00:00,942,431,341,105336.28450482577
2018-01-20T00:00:00,1064,421,318,71487.33633539804
2018-01-21T00:00:00,1049,438,334,42445.98927102342
2018-01-22T00:00:00,1007,375,368,26780.448361217448
2018-01-23T00:00:00,1037,370,380,25178.312593477258
2018-01-24T00:00:00,941,373,314,24477.70556302907
2018-01-25T00:00:00,732,327,283,21297.95031152144
2018-01-26T00:00:00,881,373,276,25745.539901816035
2018-01-27T00:00:00,955,392,311,40967.27670499067
2018-01-28T00:00:00,841,335,263,33927.82824446435
2018-01-29T00:00:00,936,327,376,28323.51944133615
2018-01-30T00:00:00,858,331,282,37513.618568425045
2018-01-31T00:00:00,910,363,323,70686.4660086646
2018-02-01T00:00:00,568,264,217,14511.699783152293
2018-02-02T00:00:00,760,287,255,23699.527010582984
2018-02-03T00:00:00,707,254,266,22230.3024655739
2018-02-04T00:00:00,682,252,256,15750.636133905466
2018-02-05T00:00:00,970,323,319,16728.979493488892
2018-02-06T00:00:00,920,308,369,23789.0627675521
2018-02-07T00:00:00,965,380,371,24168.37921121618
2018-02-08T00:00:00,944,355,342,24667.77920435472
2018-02-09T00:00:00,911,328,338,61713.706803709356
2018-02-10T00:00:00,741,279,315,24138.886891969207
2018-02-11T00:00:00,1133,311,478,45307.92521492514
2018-02-12T00:00:00,1008,305,384,42786.36604562814
2018-02-13T00:00:00,1435,336,627,102064.75906507221
2018-02-14T00:00:00,2867,424,1053,642751.9034189936
2018-02-15T00:00:00,2285,432,859,476346.51434084657
2018-02-16T00:00:00,1346,401,526,114923.01510827414
2018-02-17T00:00:00,1285,384,463,138620.46511595137
2018-02-18T00:00:00,1444,401,522,99488.21586992807
2018-02-19T00:00:00,1276,424,455,259944.75692508527
2018-02-20T00:00:00,1127,370,398,78683.45551843986
2018-02-21T00:00:00,1000,356,358,60566.33721313128
2018-02-22T00:00:00,944,354,316,54525.42742291198
2018-02-23T00:00:00,1418,387,464,116332.28337256347
2018-02-24T00:00:00,1549,398,495,99816.99064855344
2018-02-25T00:00:00,1348,388,337,67124.3335200908
2018-02-26T00:00:00,1394,390,396,94370.06282673302
2018-02-27T00:00:00,1828,438,573,114575.13906316631
2018-02-28T00:00:00,1322,404,363,71742.07431770505
2018-03-01T00:00:00,1139,377,343,57939.89436723845
2018-03-02T00:00:00,1103,333,332,67809.97114733218
2018-03-03T00:00:00,1022,332,241,40097.57521433829
2018-03-04T00:00:00,1054,301,266,46612.26514329636
2018-03-05T00:00:00,839,306,227,46206.36710161982
2018-03-06T00:00:00,1114,298,356,49327.478601196046
2018-03-07T00:00:00,1521,420,493,76262.99875709298
2018-03-08T00:00:00,1127,364,362,42252.25709678637
2018-03-09T00:00:00,1038,363,318,38596.808849896675
2018-03-10T00:00:00,913,305,249,29728.94055825254
2018-03-11T00:00:00,914,277,291,28237.61388737286
2018-03-12T00:00:00,1569,333,713,34661.4164670864
2018-03-13T00:00:00,917,286,248,23259.5891511555
2018-03-14T00:00:00,960,314,258,26290.146488163697
2018-03-15T00:00:00,858,288,236,24907.17570209528
2018-03-16T00:00:00,851,281,267,27241.32291696776
2018-03-17T00:00:00,684,245,221,23670.748409230397
2018-03-18T00:00:00,683,230,233,19374.274707673394
2018-03-19T00:00:00,630,264,243,15184.31547052689
2018-03-20T00:00:00,914,295,268,31357.04579095003
2018-03-21T00:00:00,1020,390,307,22008.258972465537
2018-03-22T00:00:00,1025,366,312,27072.336703475146
2018-03-23T00:00:00,1038,355,322,26200.99092459447
2018-03-24T00:00:00,910,293,302,22852.51632541756
2018-03-25T00:00:00,802,295,257,18295.098132585037
2018-03-26T00:00:00,889,280,305,23685.489714674375
2018-03-27T00:00:00,876,284,302,23947.072923255804
2018-03-28T00:00:00,588,220,209,12097.282152984553
2018-03-29T00:00:00,657,258,246,20363.187787858722
2018-03-30T00:00:00,738,269,255,21420.441320859452
2018-03-31T00:00:00,658,247,250,20295.540207932525
2018-04-01T00:00:00,667,245,251,15069.509112586295
2018-04-02T00:00:00,861,282,270,19346.306984423758
2018-04-03T00:00:00,709,274,241,18382.344690764727
2018-04-04T00:00:00,766,259,244,20775.28826564705
2018-04-05T00:00:00,855,280,291,22935.599694127755
2018-04-06T00:00:00,964,294,329,22162.50692312542
2018-04-07T00:00:00,738,264,279,16601.410699256623
2018-04-08T00:00:00,1047,294,344,20408.643559327204
2018-04-09T00:00:00,836,277,277,23269.22669065665
2018-04-10T00:00:00,859,250,273,25726.214028656243
2018-04-11T00:00:00,838,261,283,26799.92217886241
2018-04-12T00:00:00,1197,306,350,30989.582927054034
2018-04-13T00:00:00,998,305,310,31100.171665636884
2018-04-14T00:00:00,1036,274,304,31676.394474611265
2018-04-15T00:00:00,959,270,274,22239.302604896307
2018-04-16T00:00:00,1004,294,358,27496.164921533742
2018-04-17T00:00:00,779,262,246,34868.89509535381
2018-04-18T00:00:00,724,252,209,21629.775850035123
2018-04-19T00:00:00,689,262,217,23518.369628836128
2018-04-20T00:00:00,756,262,212,25389.226802063957
2018-04-21T00:00:00,650,224,213,17606.61506915417
2018-04-22T00:00:00,533,196,188,14580.925635981088
2018-04-23T00:00:00,551,219,179,21697.47663271623
2018-04-24T00:00:00,494,215,171,23959.72333649933
2018-04-25T00:00:00,556,182,190,35426.07190106013
2018-04-26T00:00:00,601,204,227,19671.416157022613
2018-04-27T00:00:00,653,205,222,18573.316408609448
2018-04-28T00:00:00,567,198,193,20277.07426059445
2018-04-29T00:00:00,544,207,174,16124.86880251418
2018-04-30T00:00:00,547,164,167,16825.064082989567
2018-05-01T00:00:00,451,167,154,14935.263834624999
2018-05-02T00:00:00,531,177,143,23159.443018914524
2018-05-03T00:00:00,424,147,124,17464.75675762611
2018-05-04T00:00:00,562,167,170,26186.55257658081
2018-05-05T00:00:00,472,189,139,35020.40244469596
2018-05-06T00:00:00,546,180,170,21104.8692391814
2018-05-07T00:00:00,719,218,242,28557.749673089864
2018-05-08T00:00:00,617,217,208,21163.280063330018
2018-05-09T00:00:00,462,175,121,18222.423434475655
2018-05-10T00:00:00,656,177,185,28509.6908404388
2018-05-11T00:00:00,482,151,166,34651.30581118154
2018-05-12T00:00:00,544,162,171,16222.75570328992
2018-05-13T00:00:00,498,167,180,13836.806898226649
2018-05-14T00:00:00,414,146,156,17238.685010562498
2018-05-15T00:00:00,557,177,183,13335.414190050642
2018-05-16T00:00:00,668,176,239,22555.569382984242
2018-05-17T00:00:00,427,153,160,12969.586671269273
2018-05-18T00:00:00,515,154,176,30560.721172712987
2018-05-19T00:00:00,645,153,200,17337.646247402394
2018-05-20T00:00:00,508,179,183,17532.107467743688
2018-05-21T00:00:00,493,162,215,14528.025317081738
2018-05-22T00:00:00,410,159,160,13266.420014926518
2018-05-23T00:00:00,320,122,129,8557.868980914049
2018-05-24T00:00:00,952,323,269,19039.582515942704
2018-05-25T00:00:00,863,311,303,20705.87397076836
2018-05-26T00:00:00,673,254,239,16128.086398598187
2018-05-27T00:00:00,612,276,200,14303.698529489671
2018-05-28T00:00:00,515,204,188,12515.046696725363
2018-05-29T00:00:00,576,219,217,14839.594972850336
2018-05-30T00:00:00,720,235,281,16431.270239339876
2018-05-31T00:00:00,640,256,211,15385.370137204167
2018-06-01T00:00:00,576,225,211,14857.247219879531
2018-06-02T00:00:00,873,192,167,49520.5782737851
2018-06-03T00:00:00,446,171,182,20761.96068707457
2018-06-04T00:00:00,433,181,158,14619.767334458478
2018-06-05T00:00:00,468,196,178,12014.646119398129
2018-06-06T00:00:00,506,212,167,10342.92073205577
2018-06-07T00:00:00,530,226,168,11170.92939531581
2018-06-08T00:00:00,554,187,169,22977.577825459884
2018-06-09T00:00:00,421,147,149,11211.500637914907
2018-06-10T00:00:00,400,173,128,9622.1227364948
2018-06-11T00:00:00,420,161,144,9892.7169636111
2018-06-12T00:00:00,408,158,142,7285.41213985746
2018-06-13T00:00:00,453,159,123,12269.838345222826
2018-06-14T00:00:00,418,175,137,8156.873713460974
2018-06-15T00:00:00,416,160,137,7656.040654355977
2018-06-16T00:00:00,306,127,95,8019.748673489885
2018-06-17T00:00:00,429,149,136,13419.16546193753
2018-06-18T00:00:00,422,167,132,9483.788971254833
2018-06-19T00:00:00,467,170,146,11446.952492181574
2018-06-20T00:00:00,496,184,131,10554.770234024252
2018-06-21T00:00:00,515,194,132,11146.003723400634
2018-06-22T00:00:00,522,175,133,8418.481872618519
2018-06-23T00:00:00,496,149,101,9131.27892043442
2018-06-24T00:00:00,497,175,112,8749.60279277595
2018-06-25T00:00:00,510,163,102,6423.908852450888
2018-06-26T00:00:00,545,174,134,17654.319094700073
2018-06-27T00:00:00,498,180,127,7863.4530412024305
2018-06-28T00:00:00,503,186,165,6250.268098354903
2018-06-29T00:00:00,515,186,145,7397.163515139563
2018-06-30T00:00:00,295,128,81,6708.25759441847
2018-07-01T00:00:00,250,87,67,7063.354189105359
2018-07-02T00:00:00,177,67,62,4849.94282613444
2018-07-03T00:00:00,212,66,54,7650.605720964454
2018-07-04T00:00:00,171,67,48,8143.782999627506
2018-07-05T00:00:00,290,97,96,8691.461290285126
2018-07-06T00:00:00,301,72,67,6258.824079835271
2018-07-07T00:00:00,192,68,66,3659.5720563428526
2018-07-08T00:00:00,375,117,129,6389.659038268877
2018-07-09T00:00:00,265,131,68,5274.63817530522
2018-07-10T00:00:00,383,139,110,7091.595200068827
2018-07-11T00:00:00,608,170,154,6999.399479597814
2018-07-12T00:00:00,452,151,151,6808.544421217018
2018-07-13T00:00:00,366,141,109,7506.5915591582625
2018-07-14T00:00:00,253,90,70,7117.450306341504
2018-07-15T00:00:00,335,117,121,8509.355915537208
2018-07-16T00:00:00,352,139,112,6392.993831121363
2018-07-17T00:00:00,400,167,159,7362.697654414103
2018-07-18T00:00:00,460,128,140,15056.831841734955
2018-07-19T00:00:00,384,151,127,6681.058001430575
2018-07-20T00:00:00,493,155,185,9720.877417546104
2018-07-21T00:00:00,375,141,121,10377.553629507716
2018-07-22T00:00:00,394,147,125,6565.432879625197
2018-07-23T00:00:00,403,146,115,6790.474272066219
2018-07-24T00:00:00,398,146,134,11836.471923045496
2018-07-25T00:00:00,430,149,146,9509.81100240011
2018-07-26T00:00:00,502,188,207,10269.685050989792
2018-07-27T00:00:00,449,176,175,11456.199039693267
2018-07-28T00:00:00,429,144,137,8540.618951714254
2018-07-29T00:00:00,401,128,127,9092.610972482265
2018-07-30T00:00:00,399,127,123,7086.515038858757
2018-07-31T00:00:00,424,144,132,5916.423645682004
2018-08-01T00:00:00,397,138,128,6170.395837635219
2018-08-02T00:00:00,368,124,122,6245.267811548375
2018-08-03T00:00:00,410,135,136,10034.55190330596
2018-08-04T00:00:00,382,115,110,5143.663848022312
2018-08-05T00:00:00,288,122,103,4542.064595982323
2018-08-06T00:00:00,325,132,116,5131.450768987327
2018-08-07T00:00:00,275,115,94,5828.278129496503
2018-08-08T00:00:00,265,107,82,5751.15834460261
2018-08-09T00:00:00,270,101,95,6772.581291150975
2018-08-10T00:00:00,349,125,120,5702.24676679182
2018-08-11T00:00:00,540,132,169,8220.382230959769
2018-08-12T00:00:00,439,143,145,5505.375435321657
2018-08-13T00:00:00,459,147,149,7697.2753579856435
2018-08-14T00:00:00,592,180,187,20699.1824953484
2018-08-15T00:00:00,533,176,158,15843.192568319882
2018-08-16T00:00:00,537,191,201,9260.61516338451
2018-08-17T00:00:00,635,235,222,27648.259433878127
2018-08-18T00:00:00,652,223,208,31188.066875216326
2018-08-19T00:00:00,669,204,210,31227.960797687258
2018-08-20T00:00:00,639,209,194,16696.313592652612
2018-08-21T00:00:00,727,221,253,24519.23026755163
2018-08-22T00:00:00,496,198,208,20980.35489079977
2018-08-23T00:00:00,812,247,279,69608.07498369135
2018-08-24T00:00:00,725,235,267,20264.930226633463
2018-08-25T00:00:00,711,212,230,14841.285650139413
2018-08-26T00:00:00,569,206,201,15837.443324393955
2018-08-27T00:00:00,636,209,242,33974.30087614893
2018-08-28T00:00:00,687,203,247,22179.259789614054
2018-08-29T00:00:00,900,226,278,28233.019082057006
2018-08-30T00:00:00,824,252,293,19140.772973407624
2018-08-31T00:00:00,760,235,194,15294.748516504445
2018-09-01T00:00:00,764,229,210,15196.140148266633
2018-09-02T00:00:00,798,242,224,13474.246374178314
2018-09-03T00:00:00,761,249,197,15674.946836590541
2018-09-04T00:00:00,678,246,195,182559.73000083613
2018-09-05T00:00:00,885,265,226,34879.42787850505
2018-09-06T00:00:00,1138,323,278,15666.03695206324
2018-09-07T00:00:00,1137,331,265,25548.36622199656
2018-09-08T00:00:00,1190,312,306,62256.26644223314
2018-09-09T00:00:00,1327,331,350,35964.79739302175
2018-09-10T00:00:00,1079,335,319,19049.35905227723
2018-09-11T00:00:00,1329,332,357,37630.394247006836
2018-09-12T00:00:00,1185,348,357,39999.23852666333
2018-09-13T00:00:00,898,291,314,13142.576929508552
2018-09-14T00:00:00,1053,284,301,18950.83299582559
2018-09-15T00:00:00,1044,252,328,28218.244746936187
2018-09-16T00:00:00,813,262,253,19317.22475923148
2018-09-17T00:00:00,1044,285,305,16348.794968032702
2018-09-18T00:00:00,1142,312,355,20236.503453788264
2018-09-19T00:00:00,877,261,309,11752.525468861666
2018-09-20T00:00:00,814,236,269,19681.282411287208
2018-09-21T00:00:00,782,235,295,17089.560246265133
2018-09-22T00:00:00,824,224,265,16853.320296055015
2018-09-23T00:00:00,779,224,267,32045.94906995256
2018-09-24T00:00:00,872,248,294,17941.930534187373
2018-09-25T00:00:00,784,268,255,14880.065997903415
2018-09-26T00:00:00,768,234,238,18000.08796889316
2018-09-27T00:00:00,899,233,348,17571.661277674182
2018-09-28T00:00:00,759,249,258,16678.98458743631
2018-09-29T00:00:00,1007,245,282,28246.123061586477
2018-09-30T00:00:00,953,220,264,18488.219629259853
2018-10-01T00:00:00,833,226,222,16210.660784530233
2018-10-02T00:00:00,838,243,268,27211.526673557222
2018-10-03T00:00:00,946,232,255,19365.94786414821
2018-10-04T00:00:00,1110,269,308,17786.13075990228
2018-10-05T00:00:00,1018,275,261,20216.73051346453
2018-10-06T00:00:00,811,248,216,17447.13825554767
2018-10-07T00:00:00,1097,242,251,24684.652484487553
2018-10-08T00:00:00,904,225,275,11457.991422834612
2018-10-09T00:00:00,867,264,212,13307.871948593483
2018-10-10T00:00:00,980,235,253,12917.148591460416
2018-10-11T00:00:00,849,227,248,14631.428084858642
2018-10-12T00:00:00,789,217,236,18436.382255765904
2018-10-13T00:00:00,768,196,218,11311.37373405124
2018-10-14T00:00:00,630,171,190,9863.96312237258
2018-10-15T00:00:00,654,210,203,27620.501038899718
2018-10-16T00:00:00,803,203,270,13104.048685903032
2018-10-17T00:00:00,672,195,215,12889.74474692666
2018-10-18T00:00:00,949,229,358,21427.02491412498
2018-10-19T00:00:00,882,238,280,15050.92920043421
2018-10-20T00:00:00,673,212,219,10328.92283518676
2018-10-21T00:00:00,653,184,217,12912.97837984095
2018-10-22T00:00:00,573,184,174,11257.621438746717
2018-10-23T00:00:00,825,239,278,11371.844772249155
2018-10-24T00:00:00,783,229,265,10149.108317641316
2018-10-25T00:00:00,648,185,230,15479.975734696764
2018-10-26T00:00:00,543,176,182,9911.476069059301
2018-10-27T00:00:00,685,191,201,12728.176887440788
2018-10-28T00:00:00,789,209,241,12286.809461089597
2018-10-29T00:00:00,608,208,200,10699.404677930086
2018-10-30T00:00:00,651,204,214,14677.188915638772
2018-10-31T00:00:00,661,219,222,13802.095809741826
2018-11-01T00:00:00,873,253,266,32084.408875986963
2018-11-02T00:00:00,860,251,247,18907.42671184032
2018-11-03T00:00:00,669,216,199,14167.150228378583
2018-11-04T00:00:00,817,230,272,20007.539259091758
2018-11-05T00:00:00,903,224,296,20545.825617465747
2018-11-06T00:00:00,748,224,243,20925.567410664175
2018-11-07T00:00:00,600,211,210,14116.673710099461
2018-11-08T00:00:00,673,215,252,16635.57501475263
2018-11-09T00:00:00,960,222,268,15134.313877915416
2018-11-10T00:00:00,589,201,194,16500.883858281355
2018-11-11T00:00:00,570,184,172,14910.237028638327
2018-11-12T00:00:00,608,199,209,10601.814422365846
2018-11-13T00:00:00,763,270,211,18996.517969614004
2018-11-14T00:00:00,1004,262,301,23710.88492159415
2018-11-15T00:00:00,935,233,246,21053.216564524722
2018-11-16T00:00:00,817,231,246,22557.45095924864
2018-11-17T00:00:00,693,199,270,13000.353553243103
2018-11-18T00:00:00,684,224,231,17075.73734889506
2018-11-19T00:00:00,503,181,183,12475.98993232342
2018-11-20T00:00:00,667,208,249,20326.531820960387
2018-11-21T00:00:00,820,250,250,17214.76596431449
2018-11-22T00:00:00,839,241,272,17386.946359821264
2018-11-23T00:00:00,567,203,183,16817.195889215636
2018-11-24T00:00:00,616,198,198,13217.011572149706
2018-11-25T00:00:00,708,207,194,20201.49004331614
2018-11-26T00:00:00,918,232,261,16919.77384845146
2018-11-27T00:00:00,738,236,227,20379.960612431696
2018-11-28T00:00:00,791,232,262,20152.235988665754
2018-11-29T00:00:00,667,215,235,15392.99682836908
2018-11-30T00:00:00,991,244,298,27175.561779460146
2018-12-01T00:00:00,955,231,268,20017.603661123496
2018-12-02T00:00:00,755,183,205,5127.173282814023
2018-12-03T00:00:00,1018,214,243,4951.3351084329925
2018-12-04T00:00:00,2566,191,574,6462.580417085598
2018-12-05T00:00:00,6979,228,1866,7886.803234744716
2018-12-06T00:00:00,2102,190,320,7067.344156334685
2018-12-07T00:00:00,1099,207,303,7313.68132515959
2018-12-08T00:00:00,1374,176,404,5534.887114761013
2018-12-09T00:00:00,956,162,262,4388.37832372173
2018-12-10T00:00:00,895,174,288,3012.284360151051
2018-12-11T00:00:00,735,194,209,4258.891668043072
2018-12-12T00:00:00,768,192,214,3391.803578744835
2018-12-13T00:00:00,584,198,209,3549.9557169274995
2018-12-14T00:00:00,733,180,216,2570.723164565342
2018-12-15T00:00:00,796,209,233,2747.9627285184747
2018-12-16T00:00:00,721,208,226,6504.473668856092
2018-12-17T00:00:00,544,187,189,3203.0468888939167
2018-12-18T00:00:00,565,175,189,3204.5121103986335
2018-12-19T00:00:00,610,191,203,3625.4577432085675
2018-12-20T00:00:00,672,194,216,5504.242896403208
2018-12-21T00:00:00,577,185,223,5669.884164262595
2018-12-22T00:00:00,534,174,190,5366.966371738281
2018-12-23T00:00:00,603,172,182,4315.3340276454555
2018-12-24T00:00:00,608,185,212,5954.468179355752
2018-12-25T00:00:00,480,166,150,3927.7144636689736
2018-12-26T00:00:00,620,168,210,6871.946181931449
2018-12-27T00:00:00,478,161,155,2658.291205327829
2018-12-28T00:00:00,611,162,220,4755.349709846886
2018-12-29T00:00:00,569,140,205,3738.3699592938888
2018-12-30T00:00:00,440,132,163,3433.416377371274
2018-12-31T00:00:00,382,117,149,4890.962436084407
2019-01-01T00:00:00,449,124,176,2875.582503709034
2019-01-02T00:00:00,457,136,147,3562.2686594856837
2019-01-03T00:00:00,394,144,134,3885.6611795412086
2019-01-04T00:00:00,429,142,146,4827.830059280899
2019-01-05T00:00:00,381,127,118,1879.7705399632378
2019-01-06T00:00:00,755,130,172,2975.250289622687
2019-01-07T00:00:00,383,138,143,13542.855482043
2019-01-08T00:00:00,385,145,143,9478.287641106832
2019-01-09T00:00:00,420,129,151,2021.8051388729803
2019-01-10T00:00:00,846,228,251,5409.802568616997
2019-01-11T00:00:00,1021,310,244,7854.118835075135
2019-01-12T00:00:00,835,230,196,5314.3390692807625
2019-01-13T00:00:00,892,221,191,3577.8357956468217
2019-01-14T00:00:00,820,227,181,2807.125543543925
2019-01-15T00:00:00,525,193,142,3072.795397160012
2019-01-16T00:00:00,639,203,163,2528.1353512220935
2019-01-17T00:00:00,703,212,160,15055.265607475785
2019-01-18T00:00:00,727,190,182,4350.448257030197
2019-01-19T00:00:00,863,204,245,4571.767096995733
2019-01-20T00:00:00,1060,190,234,5892.147660694684
2019-01-21T00:00:00,724,183,167,3400.3300971866565
2019-01-22T00:00:00,526,156,187,3093.1179341333027
2019-01-23T00:00:00,720,202,233,6502.692833809191
2019-01-24T00:00:00,642,184,210,6120.357631479464
2019-01-25T00:00:00,816,214,234,6044.026409416926
2019-01-26T00:00:00,1094,245,279,6119.800020165232
2019-01-27T00:00:00,734,226,206,5854.193208413937
2019-01-28T00:00:00,987,247,245,5560.807215087049
2019-01-29T00:00:00,588,188,197,3669.496069574045
2019-01-30T00:00:00,520,184,165,3887.9812255926654
2019-01-31T00:00:00,524,150,171,2906.133675475663
2019-02-01T00:00:00,626,173,210,2898.558774894118
2019-02-02T00:00:00,531,156,167,2849.8383993364064
2019-02-03T00:00:00,510,161,152,1946.5601413816535
2019-02-04T00:00:00,606,157,177,2514.088197915006
2019-02-05T00:00:00,368,138,150,1477.976132059004
2019-02-06T00:00:00,448,156,170,2629.5717460989845
2019-02-07T00:00:00,494,114,162,2064.7006113387265
2019-02-08T00:00:00,457,123,162,3337.3011210255127
2019-02-09T00:00:00,999,174,240,5083.27745058715
2019-02-10T00:00:00,832,191,197,6170.958759519735
2019-02-11T00:00:00,1137,215,169,5241.126023121551
2019-02-12T00:00:00,754,196,153,3685.0587592185357
2019-02-13T00:00:00,694,183,172,3479.1535311268476
2019-02-14T00:00:00,664,203,179,2768.2266494388596
2019-02-15T00:00:00,657,184,220,3994.5372130864
2019-02-16T00:00:00,690,241,195,5459.209556979791
2019-02-17T00:00:00,780,214,223,7027.641374671635
2019-02-18T00:00:00,601,185,172,3146.319195089171
2019-02-19T00:00:00,481,138,172,2492.9772956574725
2019-02-20T00:00:00,598,167,196,3420.7739924892057
2019-02-21T00:00:00,998,183,228,4391.313941309269
2019-02-22T00:00:00,905,163,197,5758.048562252536
2019-02-23T00:00:00,624,142,182,3316.4204741835715
2019-02-24T00:00:00,353,135,123,3109.840954524117
2019-02-25T00:00:00,524,142,150,2916.9947383086746
2019-02-26T00:00:00,471,180,167,4451.435821129858
2019-02-27T00:00:00,421,161,148,2998.4968728876015
2019-02-28T00:00:00,537,160,193,7854.480977346137
2019-03-01T00:00:00,631,184,228,9884.88719643591
2019-03-02T00:00:00,803,220,240,7255.506397856023
2019-03-03T00:00:00,851,208,248,10251.191107120423
2019-03-04T00:00:00,599,186,200,20177.27171598913
2019-03-05T00:00:00,778,203,229,15338.870393406112
2019-03-06T00:00:00,764,185,252,13517.943831480447
2019-03-07T00:00:00,822,202,219,17792.633670971605
2019-03-08T00:00:00,1234,226,280,19942.94827416463
2019-03-09T00:00:00,854,181,234,7765.5987920592515
2019-03-10T00:00:00,657,173,211,8619.260294073252
2019-03-11T00:00:00,718,185,230,10648.996035142774
2019-03-12T00:00:00,738,189,216,11447.664426073541
2019-03-13T00:00:00,771,179,223,7382.197894302286
2019-03-14T00:00:00,652,170,208,5813.145646591202
2019-03-15T00:00:00,595,175,202,6933.227848154546
2019-03-16T00:00:00,849,222,243,10510.509898743583
2019-03-17T00:00:00,590,205,199,9287.529192649074
2019-03-18T00:00:00,595,179,178,6136.829568608895
2019-03-19T00:00:00,655,206,217,8907.043611376863
2019-03-20T00:00:00,610,189,205,13007.874829004397
2019-03-21T00:00:00,858,216,242,3815.7277834956144
2019-03-22T00:00:00,779,206,240,10583.466457941344
2019-03-23T00:00:00,538,187,190,20955.435736023264
2019-03-24T00:00:00,689,170,231,4382.147649265944
2019-03-25T00:00:00,1090,210,274,9239.837367758186
2019-03-26T00:00:00,1163,203,284,15356.492802573062
2019-03-27T00:00:00,995,205,282,9791.0660078192
2019-03-28T00:00:00,973,218,245,8478.114744094986
2019-03-29T00:00:00,691,231,214,9473.810589686109
2019-03-30T00:00:00,888,233,240,8373.770073041567
2019-03-31T00:00:00,1047,224,304,15781.21856296969
2019-04-01T00:00:00,861,221,267,24849.108144401842
2019-04-02T00:00:00,707,217,240,18653.162386275417
2019-04-03T00:00:00,416,161,166,5434.33750209688
2019-04-04T00:00:00,470,181,173,5307.753894960356
2019-04-05T00:00:00,472,167,164,4968.100396066386
2019-04-06T00:00:00,493,174,184,13410.559243918406
2019-04-07T00:00:00,490,174,154,11754.970925731415
2019-04-08T00:00:00,474,172,167,14754.567219937811
2019-04-09T00:00:00,607,163,188,11104.696340682209
2019-04-10T00:00:00,561,175,177,8437.78632655326
2019-04-11T00:00:00,699,176,212,9942.420315645482
2019-04-12T00:00:00,463,176,170,4077.547229093677
2019-04-13T00:00:00,653,192,195,5957.600777737197
2019-04-14T00:00:00,493,183,169,7229.673825768829
2019-04-15T00:00:00,552,165,199,10133.508828077438
2019-04-16T00:00:00,618,174,211,9491.891875422501
2019-04-17T00:00:00,641,176,172,8064.557090411661
2019-04-18T00:00:00,557,200,188,20346.410254888702
2019-04-19T00:00:00,613,190,191,10665.46493419821
2019-04-20T00:00:00,464,175,185,8338.20015342839
2019-04-21T00:00:00,542,156,204,10233.377750564323
2019-04-22T00:00:00,404,136,153,10096.125701932073
2019-04-23T00:00:00,592,187,185,10901.079066541502
2019-04-24T00:00:00,545,183,178,18024.568902133924
2019-04-25T00:00:00,542,200,171,3026.9278075602156
2019-04-26T00:00:00,502,179,149,12095.596878482967
2019-04-27T00:00:00,721,193,210,11339.997222704265
2019-04-28T00:00:00,609,180,209,5563.777099015914
2019-04-29T00:00:00,505,173,179,5668.72567686724
2019-04-30T00:00:00,562,175,158,5589.977808677291
2019-05-01T00:00:00,666,193,242,5138.243720827704
2019-05-02T00:00:00,567,178,212,7550.757396356229
2019-05-03T00:00:00,594,177,231,8588.060255200486
2019-05-04T00:00:00,634,170,184,7727.206268831287
2019-05-05T00:00:00,543,158,195,18991.069851935634
2019-05-06T00:00:00,462,146,165,5248.492194022201
2019-05-07T00:00:00,472,159,169,7622.595402318682
2019-05-08T00:00:00,350,155,141,4800.64045347728
2019-05-09T00:00:00,524,192,166,4632.412550682798
2019-05-10T00:00:00,651,192,178,15061.994242586374
2019-05-11T00:00:00,569,187,211,13080.402789648673
2019-05-12T00:00:00,505,165,170,3266.452500835659
2019-05-13T00:00:00,454,158,169,7223.296500772651
2019-05-14T00:00:00,455,146,159,4493.974585374606
2019-05-15T00:00:00,318,128,120,29231.29259858517
2019-05-16T00:00:00,552,145,116,9002.68959156795
2019-05-17T00:00:00,461,168,151,6738.120598549807
2019-05-18T00:00:00,473,156,150,8999.06076332501
2019-05-19T00:00:00,586,188,148,4244.226999937022
2019-05-20T00:00:00,500,153,144,5955.9877476279225
2019-05-21T00:00:00,707,170,136,6925.883990222681
2019-05-22T00:00:00,568,156,153,7898.024561237042
2019-05-23T00:00:00,677,164,149,23346.83079244285
2019-05-24T00:00:00,825,187,214,10461.124274485444
2019-05-25T00:00:00,644,190,198,4833.570009241212
2019-05-26T00:00:00,913,166,457,9115.708226037365
2019-05-27T00:00:00,623,156,213,5890.8120582294305
2019-05-28T00:00:00,574,158,156,4601.34988206897
2019-05-29T00:00:00,586,185,156,5227.6625512836345
2019-05-30T00:00:00,1033,194,298,6749.359062189911
2019-05-31T00:00:00,761,191,182,10300.759898276001
2019-06-01T00:00:00,497,155,182,7627.017214416633
2019-06-02T00:00:00,420,130,128,12402.26949246385
2019-06-03T00:00:00,433,131,139,9604.018666103655
2019-06-04T00:00:00,503,146,141,4747.614631187537
2019-06-05T00:00:00,592,153,135,10289.328450252995
2019-06-06T00:00:00,487,138,137,7483.242183013472
2019-06-07T00:00:00,799,175,155,4320.486807209162
2019-06-08T00:00:00,729,158,149,5753.880497993603
2019-06-09T00:00:00,596,138,158,5239.216055230566
2019-06-10T00:00:00,521,141,159,6690.960440190556
2019-06-11T00:00:00,871,154,136,4137.273653288036
2019-06-12T00:00:00,568,174,126,5338.0761381812745
2019-06-13T00:00:00,1299,155,233,5318.150082479217
2019-06-14T00:00:00,495,145,140,5500.712462884021
2019-06-15T00:00:00,369,111,105,3577.4691219696533
2019-06-16T00:00:00,607,151,159,7364.049954000221
2019-06-17T00:00:00,559,135,152,8658.129853509134
2019-06-18T00:00:00,477,145,130,6948.431493165778
2019-06-19T00:00:00,526,143,125,6460.039059723834
2019-06-20T00:00:00,430,124,137,9767.762092440378
2019-06-21T00:00:00,382,120,110,9017.3818810126
2019-06-22T00:00:00,544,143,132,5264.013295411809
2019-06-23T00:00:00,611,166,143,16034.632935091031
2019-06-24T00:00:00,418,143,117,7331.488482038898
2019-06-25T00:00:00,359,132,102,1995.4392375226575
2019-06-26T00:00:00,326,120,101,2199.1507879479736
2019-06-27T00:00:00,322,105,113,3381.706086887199
2019-06-28T00:00:00,276,120,91,3549.370914359415
2019-06-29T00:00:00,249,99,86,6139.812603225743
2019-06-30T00:00:00,503,107,109,10149.268395125338
2019-07-01T00:00:00,264,84,87,2775.124474862338
2019-07-02T00:00:00,257,82,84,4558.985441858665
2019-07-03T00:00:00,390,100,98,4967.630786233234
2019-07-04T00:00:00,446,123,120,10594.900674183811
2019-07-05T00:00:00,346,93,109,4247.478488024247
2019-07-06T00:00:00,373,109,108,3541.8884755264935
2019-07-07T00:00:00,437,116,112,6488.030890030836
2019-07-08T00:00:00,603,108,105,3896.6488001864004
2019-07-09T00:00:00,940,146,169,5312.8334576860325
2019-07-10T00:00:00,361,134,110,3796.596143996296
2019-07-11T00:00:00,353,93,111,2746.0957052003973
2019-07-12T00:00:00,328,110,147,2235.5488323931295
2019-07-13T00:00:00,299,88,95,2353.0597927723456
2019-07-14T00:00:00,412,103,120,2708.9823203405763
2019-07-15T00:00:00,396,102,111,2042.9989904181512
2019-07-16T00:00:00,175,66,62,506.636427323466
2019-07-17T00:00:00,662,124,144,4626.15723542529
2019-07-18T00:00:00,565,131,128,3299.0080881608224
2019-07-19T00:00:00,427,110,139,2709.9089525403324
2019-07-20T00:00:00,540,125,126,3563.9033614508244
2019-07-21T00:00:00,503,127,125,3009.896067750864
2019-07-22T00:00:00,322,110,106,1478.4811459589796
2019-07-23T00:00:00,436,113,118,3179.48655354239
2019-07-24T00:00:00,431,120,126,2314.9282966603273
2019-07-25T00:00:00,452,109,103,3307.543425602645
2019-07-26T00:00:00,458,124,135,4932.302538461594
2019-07-27T00:00:00,405,125,106,2192.878547382017
2019-07-28T00:00:00,399,113,112,1985.3525928089407
2019-07-29T00:00:00,459,131,115,3211.856304401024
2019-07-30T00:00:00,369,124,100,1459.9078244270959
2019-07-31T00:00:00,543,151,143,3384.6638156897307
2019-08-01T00:00:00,402,139,129,3519.9056536504704
2019-08-02T00:00:00,538,123,112,3124.8511193921
2019-08-03T00:00:00,516,142,164,2469.5701028801914
2019-08-04T00:00:00,723,135,121,3702.0832514450567
2019-08-05T00:00:00,360,119,113,2051.4688235242756
2019-08-06T00:00:00,405,114,100,2440.7912870319765
2019-08-07T00:00:00,541,141,129,4342.213749039309
2019-08-08T00:00:00,392,128,108,2810.665341905612
2019-08-09T00:00:00,368,125,88,3465.0647732939274
2019-08-10T00:00:00,392,123,113,2498.1701456376813
2019-08-11T00:00:00,501,137,123,4228.796929915272
2019-08-12T00:00:00,340,113,98,2324.321347240027
2019-08-13T00:00:00,784,129,103,3636.237229085969
2019-08-14T00:00:00,477,119,126,3188.723839698307
2019-08-15T00:00:00,344,107,99,2446.608921895902
2019-08-16T00:00:00,457,134,134,5883.161410290512
2019-08-17T00:00:00,615,146,233,3727.2665188041233
2019-08-18T00:00:00,577,138,133,4316.041026947766
2019-08-19T00:00:00,290,112,96,1300.8769842716185
2019-08-20T00:00:00,460,116,94,2458.6297079773876
2019-08-21T00:00:00,300,116,82,2002.629088166374
2019-08-22T00:00:00,450,122,116,3829.934926388581
2019-08-23T00:00:00,407,97,161,1369.188436447437
2019-08-24T00:00:00,428,86,82,900.2448184182452
2019-08-25T00:00:00,360,101,85,1183.9912556504278
2019-08-26T00:00:00,224,87,71,982.3065582720081
2019-08-27T00:00:00,259,92,80,1424.0651896647623
2019-08-28T00:00:00,388,103,113,2030.4587308303253
2019-08-29T00:00:00,346,107,90,2527.478657467893
2019-08-30T00:00:00,285,96,86,1419.623298062015
2019-08-31T00:00:00,782,162,232,7969.799073883641
2019-09-01T00:00:00,497,128,127,3006.487349409488
2019-09-02T00:00:00,371,121,105,4411.744608384656
2019-09-03T00:00:00,248,105,72,1867.044180620347
2019-09-04T00:00:00,320,112,108,1361.4850072248094
2019-09-05T00:00:00,221,90,70,2253.229361769609
2019-09-06T00:00:00,227,71,72,3772.84574838424
2019-09-07T00:00:00,165,64,51,1310.2204666008117
2019-09-08T00:00:00,165,60,64,752.0356700287251
2019-09-09T00:00:00,202,75,77,772.5974249419335
2019-09-10T00:00:00,165,73,62,700.1674257908993
2019-09-11T00:00:00,238,68,72,3993.852590437835
2019-09-12T00:00:00,339,96,100,4722.360462991364
2019-09-13T00:00:00,224,96,74,2006.941948438758
2019-09-14T00:00:00,356,97,115,1736.8253582625277
2019-09-15T00:00:00,375,93,110,2270.3495565140593
2019-09-16T00:00:00,193,80,74,1053.9621116930377
2019-09-17T00:00:00,299,104,89,1672.2988758962163
2019-09-18T00:00:00,184,89,68,2550.744796265698
2019-09-19T00:00:00,270,85,70,2149.8109208347496
2019-09-20T00:00:00,198,71,62,523.1780766063937
2019-09-21T00:00:00,263,94,94,1157.1312053386873
2019-09-22T00:00:00,317,84,86,905.8588924547508
2019-09-23T00:00:00,223,87,74,4083.156549956109
2019-09-24T00:00:00,211,93,82,6071.452289984308
2019-09-25T00:00:00,201,68,74,1532.592267571587
2019-09-26T00:00:00,224,73,71,1833.4691299216634
2019-09-27T00:00:00,239,60,88,1297.15829543476
2019-09-28T00:00:00,316,98,115,1701.1476064643937
2019-09-29T00:00:00,223,81,101,850.4742818401255
2019-09-30T00:00:00,341,81,120,1285.8332229775945
2019-10-01T00:00:00,210,86,74,1082.0328194614804
2019-10-02T00:00:00,234,73,81,683.6618895569334
2019-10-03T00:00:00,316,94,80,1477.6660130668029
2019-10-04T00:00:00,322,91,89,965.1453603364838
2019-10-05T00:00:00,266,79,81,582.1352504696898
2019-10-06T00:00:00,718,86,124,6771.2549320955895
2019-10-07T00:00:00,505,87,97,1263.1972214533578
2019-10-08T00:00:00,544,91,132,2136.000357388342
2019-10-09T00:00:00,384,91,103,1794.2424490158287
2019-10-10T00:00:00,348,92,101,2312.3888339281466
2019-10-11T00:00:00,333,88,119,1279.0263852452415
2019-10-12T00:00:00,540,104,131,2779.1571015431286
2019-10-13T00:00:00,268,92,82,1596.4639398612678
2019-10-14T00:00:00,269,86,87,2035.2501026758016
2019-10-15T00:00:00,278,97,101,1281.2430750971853
2019-10-16T00:00:00,336,112,95,1837.4479388380669
2019-10-17T00:00:00,446,130,125,3338.947060931315
2019-10-18T00:00:00,382,102,106,2694.140304006279
2019-10-19T00:00:00,645,94,131,3334.731876336407
2019-10-20T00:00:00,370,105,111,1820.0371479734852
2019-10-21T00:00:00,601,119,123,4101.384036978876
2019-10-22T00:00:00,403,109,113,1327.053855057353
2019-10-23T00:00:00,407,90,98,1426.4258727898336
2019-10-24T00:00:00,294,93,99,1315.7480732282802
2019-10-25T00:00:00,285,91,104,1749.8773154681921
2019-10-26T00:00:00,637,115,142,2776.218829383138
2019-10-27T00:00:00,580,118,141,3733.3091973595847
2019-10-28T00:00:00,503,124,135,4403.377091894777
2019-10-29T00:00:00,510,125,116,2510.703309011665
2019-10-30T00:00:00,391,127,94,1848.1462108236237
2019-10-31T00:00:00,380,117,114,5894.610342589242
2019-11-01T00:00:00,506,102,138,2103.5619897291062
2019-11-02T00:00:00,420,120,141,2774.2692315988356
2019-11-03T00:00:00,433,111,133,2042.2850617476229
2019-11-04T00:00:00,375,115,123,2431.548927876024
2019-11-05T00:00:00,301,111,110,993.6803764004082
2019-11-06T00:00:00,385,112,132,1762.842510516418
2019-11-07T00:00:00,270,100,110,2130.2568090016357
2019-11-08T00:00:00,255,96,94,4391.416242521747
2019-11-09T00:00:00,548,125,151,3306.5974150706757
2019-11-10T00:00:00,376,104,119,1275.3770309195188
2019-11-11T00:00:00,398,107,112,905.4539350967008
2019-11-12T00:00:00,267,100,82,1324.9766067648661
2019-11-13T00:00:00,298,109,95,2489.042905791083
2019-11-14T00:00:00,245,89,71,1275.4789911746925
2019-11-15T00:00:00,286,81,86,857.2956058997408
2019-11-16T00:00:00,287,79,86,2805.19278412864
2019-11-17T00:00:00,351,103,94,2422.3156251696273
2019-11-18T00:00:00,285,91,83,1984.849904551919
2019-11-19T00:00:00,204,84,81,1104.44292659327
2019-11-20T00:00:00,314,103,109,4576.489711500148
2019-11-21T00:00:00,1508,216,211,15873.896512331454
2019-11-22T00:00:00,11041,630,557,81432.34134788637
2019-11-23T00:00:00,13063,586,589,63189.184894392754
2019-11-24T00:00:00,10972,504,532,55245.28587220432
2019-11-25T00:00:00,5638,449,479,30822.178514019703
2019-11-26T00:00:00,5792,423,515,33474.501614898545
2019-11-27T00:00:00,5594,406,502,44972.794376557154
2019-11-28T00:00:00,6134,429,534,48145.434150853594
2019-11-29T00:00:00,8308,465,631,63205.577959918366
2019-11-30T00:00:00,5884,468,559,47393.04069892723
2019-12-01T00:00:00,9153,449,631,53921.59124745225
2019-12-02T00:00:00,5378,394,501,35344.01336996687
2019-12-03T00:00:00,5015,389,502,54274.83434357344
2019-12-04T00:00:00,4707,379,454,32163.564907027732
2019-12-05T00:00:00,3237,365,473,55863.221062773795
2019-12-06T00:00:00,3703,395,426,31161.738923773137
2019-12-07T00:00:00,4884,382,544,42616.665207079146
2019-12-08T00:00:00,6270,387,543,35376.38612343043
2019-12-09T00:00:00,5139,365,539,55020.237070378804
2019-12-10T00:00:00,3191,376,460,28631.15770869107
2019-12-11T00:00:00,3051,358,429,18920.71354563884
2019-12-12T00:00:00,2898,370,411,13619.88749331645
2019-12-13T00:00:00,2527,308,389,10950.046023671426
2019-12-14T00:00:00,2404,260,408,16504.863106800298
2019-12-15T00:00:00,2946,283,409,13992.005403756484
2019-12-16T00:00:00,2375,269,379,14166.638515556184
2019-12-17T00:00:00,1034,257,264,11379.236223465521
2019-12-18T00:00:00,1655,262,353,13475.20165631313
2019-12-19T00:00:00,1121,275,323,11574.349386263139
2019-12-20T00:00:00,1783,258,387,9559.718765383514
2019-12-21T00:00:00,3496,301,493,9019.564681061582
2019-12-22T00:00:00,3170,296,435,10847.34558138604
2019-12-23T00:00:00,1109,260,339,6726.296361523357
2019-12-24T00:00:00,1028,199,318,13585.108910039884
2019-12-25T00:00:00,1020,194,298,9466.548227720275
2019-12-26T00:00:00,973,213,279,29323.68605959237
2019-12-27T00:00:00,2094,261,410,22659.19555966294
2019-12-28T00:00:00,2280,267,450,21577.99680340123
2019-12-29T00:00:00,3012,318,487,41010.64480169722
2019-12-30T00:00:00,2934,317,543,27277.681864858714
2019-12-31T00:00:00,2774,260,493,16771.48483511909
2020-01-01T00:00:00,3027,284,560,20893.717032009426
2020-01-02T00:00:00,4847,323,704,38495.46837635718
2020-01-03T00:00:00,4256,327,603,25199.300772838014
2020-01-04T00:00:00,7870,355,850,81072.7158770631
2020-01-05T00:00:00,5736,333,664,42476.031448873866
2020-01-06T00:00:00,3192,309,459,49171.06132148124
2020-01-07T00:00:00,4874,342,558,29458.936165574873
2020-01-08T00:00:00,3740,315,532,39308.0136331731
2020-01-09T00:00:00,3651,295,510,23127.419649125033
2020-01-10T00:00:00,3293,325,546,32328.43449695553
2020-01-11T00:00:00,4764,328,605,29453.156569173076
2020-01-12T00:00:00,5639,311,522,19432.694850457356
2020-01-13T00:00:00,4402,261,549,22589.774907590632
2020-01-14T00:00:00,4119,299,462,22712.767229261157
2020-01-15T00:00:00,2793,302,353,23384.97927703364
2020-01-16T00:00:00,2023,273,399,23992.55585437451
2020-01-17T00:00:00,1642,304,376,30756.887233561964
2020-01-18T00:00:00,1780,282,395,20470.89198642671
2020-01-19T00:00:00,2475,272,382,14417.559707502478
2020-01-20T00:00:00,2861,250,389,10353.55559867713
2020-01-21T00:00:00,2283,251,330,9340.86587456515
2020-01-22T00:00:00,2004,258,387,14345.140725873747
2020-01-23T00:00:00,5958,261,446,15022.381839775044
2020-01-24T00:00:00,12333,251,538,13375.906448186983
2020-01-25T00:00:00,3474,237,407,11947.797937673433
2020-01-26T00:00:00,6788,243,430,7839.471174827328
2020-01-27T00:00:00,5428,226,411,10736.112301777928
2020-01-28T00:00:00,4050,246,391,9513.655993605096
2020-01-29T00:00:00,2633,243,389,10420.01098586725
2020-01-30T00:00:00,1779,240,300,8149.531471090875
2020-01-31T00:00:00,2334,226,290,6347.3351745383725
2020-02-01T00:00:00,3097,236,339,10085.574110812482
2020-02-02T00:00:00,1579,218,293,7823.957528686389
2020-02-03T00:00:00,1114,219,287,13187.899676820378
2020-02-04T00:00:00,858,212,239,7296.6644614495335
2020-02-05T00:00:00,968,200,254,18537.837170615614
2020-02-06T00:00:00,974,207,257,18369.254218493603
2020-02-07T00:00:00,1153,237,265,43865.22143252662
2020-02-08T00:00:00,4861,251,382,26380.97352114183
2020-02-09T00:00:00,2168,220,324,19038.184551167764
2020-02-10T00:00:00,1177,238,332,24889.168418727815
2020-02-11T00:00:00,1688,287,326,29471.349665716887
2020-02-12T00:00:00,1598,234,312,31442.790774196612
2020-02-13T00:00:00,1818,266,338,40304.457798207564
2020-02-14T00:00:00,1119,271,309,22426.63278320674
2020-02-15T00:00:00,891,240,287,24044.817945321356
2020-02-16T00:00:00,1185,226,291,34433.50534284099
2020-02-17T00:00:00,1496,267,320,24286.05382971393
2020-02-18T00:00:00,731,239,266,20642.855578594597
2020-02-19T00:00:00,1192,233,338,17218.157947532414
2020-02-20T00:00:00,1478,335,397,28650.496798924047
2020-02-21T00:00:00,1816,332,480,30185.635722123814
2020-02-22T00:00:00,1911,320,433,39669.44614328437
2020-02-23T00:00:00,2270,313,475,32300.965009448788
2020-02-24T00:00:00,2974,329,529,31302.645245985677
2020-02-25T00:00:00,1424,314,407,27052.922612936432
2020-02-26T00:00:00,2314,320,477,38193.977831219636
2020-02-27T00:00:00,2090,304,388,20781.818405984854
2020-02-28T00:00:00,1361,322,397,28676.230219207242
2020-02-29T00:00:00,2915,336,479,23603.547250901527
2020-03-01T00:00:00,2004,309,476,25873.209349259163
2020-03-02T00:00:00,3813,323,410,37843.26245126293
2020-03-03T00:00:00,1481,282,384,42601.36500497601
2020-03-04T00:00:00,2428,313,468,34067.6790977538
2020-03-05T00:00:00,1123,274,345,18158.167904555256
2020-03-06T00:00:00,2951,313,443,29813.188487672604
2020-03-07T00:00:00,2602,305,438,36079.36482528764
2020-03-08T00:00:00,1631,301,422,20866.190753404073
2020-03-09T00:00:00,1104,323,426,24291.696590689942
2020-03-10T00:00:00,1414,310,405,25084.857698983134
2020-03-11T00:00:00,1213,301,391,25568.29125759001
2020-03-12T00:00:00,398,165,168,7491.256910589462
2020-03-13T00:00:00,862,255,348,13412.144588755775
2020-03-14T00:00:00,1696,261,392,11108.973492094578
2020-03-15T00:00:00,1256,218,352,6038.1159435028785
2020-03-16T00:00:00,729,208,260,7545.595668914589
2020-03-17T00:00:00,1535,279,390,7702.624825286541
2020-03-18T00:00:00,1425,266,452,9862.777550452167
2020-03-19T00:00:00,1164,251,363,15789.73881624181
2020-03-20T00:00:00,1106,260,321,7281.372601203681
2020-03-21T00:00:00,1383,286,453,22842.30489986626
2020-03-22T00:00:00,890,257,304,7389.081043146155
2020-03-23T00:00:00,1205,259,387,7810.073170350474
2020-03-24T00:00:00,914,275,271,8933.550050659833
2020-03-25T00:00:00,1081,242,316,9626.536714789485
2020-03-26T00:00:00,1602,277,392,8857.8195754123
2020-03-27T00:00:00,1341,274,385,13207.261594134863
2020-03-28T00:00:00,3590,285,584,13901.491624077451
2020-03-29T00:00:00,1823,284,359,11746.306827564968
2020-03-30T00:00:00,1257,301,368,15838.509470399667
2020-03-31T00:00:00,1955,311,380,10697.1079918331
2020-04-01T00:00:00,1838,287,374,14588.76974497808
2020-04-02T00:00:00,1272,297,387,10977.091451631944
2020-04-03T00:00:00,2260,316,401,10358.681702438042
2020-04-04T00:00:00,1750,256,365,11511.777882323076
2020-04-05T00:00:00,1572,247,341,7909.704460506424
2020-04-06T00:00:00,1123,262,413,13939.815295382721
2020-04-07T00:00:00,924,269,338,10162.879054628978
2020-04-08T00:00:00,1756,246,461,9942.808677118514
2020-04-09T00:00:00,1040,248,365,12862.199268329397
2020-04-10T00:00:00,1127,286,408,11698.81251950318
2020-04-11T00:00:00,3910,281,569,9245.54060962872
2020-04-12T00:00:00,1650,308,390,12311.754662507901
2020-04-13T00:00:00,1623,306,363,12695.516210488868
2020-04-14T00:00:00,3030,304,416,13983.569205316426
2020-04-15T00:00:00,1557,293,353,12186.101759850295
2020-04-16T00:00:00,919,281,367,13239.416938836397
2020-04-17T00:00:00,1251,319,404,21877.910447687285
2020-04-18T00:00:00,1107,292,344,8742.237363085536
2020-04-19T00:00:00,1729,274,376,13006.381865318153
2020-04-20T00:00:00,825,296,297,13561.497102828534
2020-04-21T00:00:00,916,242,345,14139.106926470635
2020-04-22T00:00:00,926,253,309,17382.381447996107
2020-04-23T00:00:00,1139,310,372,28923.631802042077
2020-04-24T00:00:00,1008,284,344,16103.747854120911
2020-04-25T00:00:00,1639,299,453,19011.038701680274
2020-04-26T00:00:00,1158,301,369,30825.59578313505
2020-04-27T00:00:00,1551,318,374,21479.109931210503
2020-04-28T00:00:00,1241,302,402,15322.970767277286
2020-04-29T00:00:00,743,252,269,15514.925880490768
2020-04-30T00:00:00,740,254,315,17808.869682170927
2020-05-01T00:00:00,1231,320,389,13330.832366459486
2020-05-02T00:00:00,1116,291,335,13858.950004093947
2020-05-03T00:00:00,1946,299,390,17035.00340231269
2020-05-04T00:00:00,1049,279,336,22766.14320544252
2020-05-05T00:00:00,892,305,376,19944.636947326962
2020-05-06T00:00:00,651,222,294,9572.719076083255
2020-05-07T00:00:00,663,242,284,15425.345712033755
2020-05-08T00:00:00,598,245,287,19988.20049677792
2020-05-09T00:00:00,1059,286,359,17000.787912786138
2020-05-10T00:00:00,770,270,301,16924.41369227641
2020-05-11T00:00:00,894,274,332,16394.44223828506
2020-05-12T00:00:00,520,170,181,10741.198817699762
2020-05-13T00:00:00,642,163,203,8284.050026144047
2020-05-14T00:00:00,463,170,216,28960.28389776591
2020-05-15T00:00:00,630,202,266,12920.560253762918
2020-05-16T00:00:00,926,255,385,34412.32638649727
2020-05-17T00:00:00,951,218,331,11839.685991942591
2020-05-18T00:00:00,616,238,274,19813.040886295672
2020-05-19T00:00:00,627,253,294,17832.135815294598
2020-05-20T00:00:00,528,189,269,34422.64348280339
2020-05-21T00:00:00,527,212,252,30165.443947573607
2020-05-22T00:00:00,925,275,386,38541.795894620474
2020-05-23T00:00:00,1368,266,581,26007.426020919756
2020-05-24T00:00:00,812,254,419,66827.74229784092
2020-05-25T00:00:00,550,231,309,17443.13812010469
2020-05-26T00:00:00,600,236,279,37854.39892110951
2020-05-27T00:00:00,572,228,293,55310.45054025319
2020-05-28T00:00:00,546,203,224,32870.97800302068
2020-05-29T00:00:00,834,272,361,25909.847827737696
2020-05-30T00:00:00,517,170,265,9825.857744797937
2020-05-31T00:00:00,685,209,300,31850.69205764642
2020-06-01T00:00:00,585,190,272,16954.31155437008
2020-06-02T00:00:00,400,174,226,16412.22396974949
2020-06-03T00:00:00,417,172,210,12601.07104530403
2020-06-04T00:00:00,639,196,260,14328.180409780436
2020-06-05T00:00:00,612,229,283,12098.980585643238
2020-06-06T00:00:00,712,228,309,11005.018892345879
2020-06-07T00:00:00,599,197,264,15086.284051196415
2020-06-08T00:00:00,408,164,200,5761.387324710667
2020-06-09T00:00:00,511,185,212,8156.708206588126
2020-06-10T00:00:00,424,152,192,6425.763361717918
2020-06-11T00:00:00,459,166,224,6530.775884946827
2020-06-12T00:00:00,548,177,246,11664.698733302897
2020-06-13T00:00:00,541,191,260,17087.240379922157
2020-06-14T00:00:00,1265,202,380,19147.031685122016
2020-06-15T00:00:00,460,175,238,15429.745679110853
2020-06-16T00:00:00,478,191,243,12281.855993923
2020-06-17T00:00:00,378,166,227,11939.435939509374
2020-06-18T00:00:00,386,173,217,16557.23426803485
2020-06-19T00:00:00,490,199,250,21205.614859735702
2020-06-20T00:00:00,619,189,282,9807.305488105287
2020-06-21T00:00:00,548,212,281,19447.78492934374
2020-06-22T00:00:00,464,182,246,15011.321370774947
2020-06-23T00:00:00,332,156,173,14406.940489672872
2020-06-24T00:00:00,386,162,204,11475.09955167658
2020-06-25T00:00:00,346,166,183,7703.913830579544
2020-06-26T00:00:00,340,191,192,10527.156601108161
2020-06-27T00:00:00,407,150,197,18129.252569875003
2020-06-28T00:00:00,417,173,205,9449.187546557343
2020-06-29T00:00:00,357,169,206,11604.60109349471
2020-06-30T00:00:00,364,169,201,10313.268993261898
2020-07-01T00:00:00,487,158,258,14649.77162815205
2020-07-02T00:00:00,402,160,217,15290.119703660188
2020-07-03T00:00:00,412,166,247,10230.60148120261
2020-07-04T00:00:00,478,193,220,11183.034987351508
2020-07-05T00:00:00,463,174,224,8770.01967246776
2020-07-06T00:00:00,459,174,240,22462.56051719607
2020-07-07T00:00:00,645,256,291,13523.517017541235
2020-07-08T00:00:00,949,268,305,30274.97487180766
2020-07-09T00:00:00,976,322,340,30460.08431244293
2020-07-10T00:00:00,771,298,348,25454.274208569037
2020-07-11T00:00:00,691,233,315,10838.360532514458
2020-07-12T00:00:00,804,247,346,13472.377848584856
2020-07-13T00:00:00,378,186,218,7322.994745347449
2020-07-14T00:00:00,526,239,268,17114.99972217075
2020-07-15T00:00:00,584,226,288,17182.618538621173
2020-07-16T00:00:00,425,192,229,10230.361070134883
2020-07-17T00:00:00,537,223,273,20453.534398748223
2020-07-18T00:00:00,393,193,236,15061.023990931273
2020-07-19T00:00:00,357,164,211,11768.630085891611
2020-07-20T00:00:00,354,169,212,13060.708855563369
2020-07-21T00:00:00,444,211,255,13035.805630273739
2020-07-22T00:00:00,385,205,222,14743.30181119762
2020-07-23T00:00:00,412,195,219,23591.62415351674
2020-07-24T00:00:00,310,132,171,7415.614410316371
2020-07-25T00:00:00,588,189,242,18705.51792050218
2020-07-26T00:00:00,286,136,160,6519.466750900017
2020-07-27T00:00:00,357,142,172,15617.647371289653
2020-07-28T00:00:00,367,163,201,13582.379687086817
2020-07-29T00:00:00,303,148,175,30842.346056255756
2020-07-30T00:00:00,340,145,168,14338.46145519494
2020-07-31T00:00:00,332,160,194,26610.175636943077
2020-08-01T00:00:00,360,160,166,20230.639473587755
2020-08-02T00:00:00,378,174,185,17734.96040541105
2020-08-03T00:00:00,353,148,167,19178.114875414347
2020-08-04T00:00:00,442,197,220,29206.039726175557
2020-08-05T00:00:00,466,195,221,13331.104004716697
2020-08-06T00:00:00,474,224,232,13392.229795592182
2020-08-07T00:00:00,477,235,226,25852.429151425822
2020-08-08T00:00:00,447,191,205,10116.300595503786
2020-08-09T00:00:00,311,166,187,11751.550966747436
2020-08-10T00:00:00,317,155,155,10308.578472047897
2020-08-11T00:00:00,294,159,162,19620.929707624877
2020-08-12T00:00:00,93,63,70,6265.295373859645
2020-08-13T00:00:00,409,176,209,21507.852174900607
2020-08-14T00:00:00,407,186,204,18825.328273514846
2020-08-15T00:00:00,333,153,179,13684.107629709044
2020-08-16T00:00:00,313,170,159,15894.051786434688
2020-08-17T00:00:00,348,146,183,14080.30118360486
2020-08-18T00:00:00,337,178,189,29743.23036409591
2020-08-19T00:00:00,339,181,174,17589.16197676573
2020-08-20T00:00:00,363,189,194,24793.48812132087
2020-08-21T00:00:00,339,165,176,11455.083606933078
2020-08-22T00:00:00,351,162,182,12256.656213295075
2020-08-23T00:00:00,449,201,203,93538.58068486708
2020-08-24T00:00:00,337,162,187,16148.131628216723
2020-08-25T00:00:00,516,220,260,36242.80114203308
2020-08-26T00:00:00,391,194,243,28455.55491392597
2020-08-27T00:00:00,467,236,254,50940.1230100082
2020-08-28T00:00:00,487,245,241,36352.29778009114
2020-08-29T00:00:00,470,212,255,16621.07132037228
2020-08-30T00:00:00,351,157,201,20548.31192577939
2020-08-31T00:00:00,296,170,186,24376.544156385782
2020-09-01T00:00:00,24,15,20,4080.973751201651
2020-09-02T00:00:00,302,160,185,20087.195484908556
2020-09-03T00:00:00,328,176,198,42839.31519139288
2020-09-04T00:00:00,526,225,228,36054.09706312444
2020-09-05T00:00:00,355,158,187,20684.16702875767
2020-09-06T00:00:00,378,199,190,74765.54591456719
2020-09-07T00:00:00,501,239,262,43028.57816908926
2020-09-08T00:00:00,450,194,241,40912.4592271899
2020-09-09T00:00:00,583,246,267,40548.9770687228
2020-09-10T00:00:00,398,173,235,42868.350599420904
2020-09-11T00:00:00,539,226,245,99543.7920462226
2020-09-12T00:00:00,474,203,234,84356.8242937773
2020-09-13T00:00:00,509,207,255,95706.10741110734
2020-09-14T00:00:00,551,183,237,198757.67304854465
2020-09-15T00:00:00,574,232,276,174170.8862951205
2020-09-16T00:00:00,358,182,190,30218.692176860626
2020-09-17T00:00:00,118,74,85,66194.10344568163
2020-09-18T00:00:00,734,273,289,89663.03921766336
2020-09-19T00:00:00,778,314,327,107821.29174924004
2020-09-20T00:00:00,767,305,292,133470.21816796227
2020-09-21T00:00:00,952,303,373,50558.57837908865
2020-09-22T00:00:00,1322,355,341,138215.13315809966
2020-09-23T00:00:00,2778,449,482,136712.59625840958
2020-09-24T00:00:00,1587,457,429,664538.2981750697
2020-09-25T00:00:00,2561,576,589,332622.6011307007
2020-09-26T00:00:00,1536,523,491,446954.67421544046
2020-09-27T00:00:00,1569,540,527,390773.612535512
2020-09-28T00:00:00,1381,505,507,749704.1005291499
2020-09-29T00:00:00,1271,485,521,346895.5611411515
2020-09-30T00:00:00,1049,456,439,164369.14472384917
2020-10-01T00:00:00,1142,445,413,163113.31849763216
2020-10-02T00:00:00,929,425,420,176310.42479304984
2020-10-03T00:00:00,1416,473,529,178000.24877050333
2020-10-04T00:00:00,1098,428,484,206092.94478814062
2020-10-05T00:00:00,1078,440,472,168161.71170400147
2020-10-06T00:00:00,1592,469,562,163296.0089489554
2020-10-07T00:00:00,1351,485,568,220622.90717099453
2020-10-08T00:00:00,924,450,441,143103.18165638458
2020-10-09T00:00:00,1146,463,509,185475.55240012798
2020-10-10T00:00:00,1102,426,507,135756.05647614578
2020-10-11T00:00:00,1358,494,557,124574.77943618943
2020-10-12T00:00:00,1071,464,461,113229.05494825357
2020-10-13T00:00:00,1158,469,456,87877.15608060491
2020-10-14T00:00:00,1185,457,491,109345.18455037814
2020-10-15T00:00:00,1184,480,499,104424.39999961155
2020-10-16T00:00:00,952,434,457,79554.05529257239
2020-10-17T00:00:00,1639,511,582,82728.89797004462
2020-10-18T00:00:00,1165,436,492,65583.35198101508
2020-10-19T00:00:00,939,480,480,111543.49671025765
2020-10-20T00:00:00,952,412,461,98236.8067530203
2020-10-21T00:00:00,862,444,404,82645.02597521388
2020-10-22T00:00:00,837,409,431,320031.24938741437
2020-10-23T00:00:00,1971,460,651,62453.5840972445
2020-10-24T00:00:00,2033,552,729,68628.72939391102
2020-10-25T00:00:00,1551,516,605,114280.80809422747
2020-10-26T00:00:00,1533,584,651,118307.13908116934
2020-10-27T00:00:00,1869,691,697,94616.76909974891
2020-10-28T00:00:00,1382,606,561,90377.96620040904
2020-10-29T00:00:00,1447,620,618,98522.88549115196
2020-10-30T00:00:00,1917,706,695,90509.63217837826
2020-10-31T00:00:00,1876,698,670,93317.58875222364
2020-11-01T00:00:00,1399,617,617,114508.83430296723
2020-11-02T00:00:00,1254,566,567,89730.66519888618
2020-11-03T00:00:00,1388,675,621,79750.02918615623
2020-11-04T00:00:00,1306,599,587,70442.87578398242
2020-11-05T00:00:00,1109,535,544,75935.2352477539
2020-11-06T00:00:00,1201,570,585,189331.78978234882
2020-11-07T00:00:00,1405,590,564,92330.85233813002
2020-11-08T00:00:00,1725,705,637,103707.05434796223
2020-11-09T00:00:00,1317,624,583,87409.8416971625
2020-11-10T00:00:00,2022,959,758,161012.6384657587
2020-11-11T00:00:00,1765,774,716,98435.7221300512
2020-11-12T00:00:00,1964,905,641,131894.07576027018
2020-11-13T00:00:00,1821,826,623,171860.9532604885
2020-11-14T00:00:00,2219,959,744,128633.78730553327
2020-11-15T00:00:00,2363,953,766,153392.9894934065
2020-11-16T00:00:00,1677,775,629,135121.14588000515
2020-11-17T00:00:00,1459,729,632,99844.56216810098
2020-11-18T00:00:00,1605,795,670,112881.36277669722
2020-11-19T00:00:00,1903,841,724,153198.45096982605
2020-11-20T00:00:00,1322,648,561,90447.5636195365
2020-11-21T00:00:00,1275,623,531,190617.25425808443
2020-11-22T00:00:00,1334,655,528,95558.80354806145
2020-11-23T00:00:00,972,480,443,157319.30460876974
2020-11-24T00:00:00,1134,577,499,109988.99516687969
2020-11-25T00:00:00,1097,570,508,102119.39967290526
2020-11-26T00:00:00,1271,637,510,82009.68861257362
2020-11-27T00:00:00,1827,858,716,101872.15592113987
2020-11-28T00:00:00,1765,783,674,85095.39588704426
2020-11-29T00:00:00,1649,755,658,80728.83774846463
2020-11-30T00:00:00,934,483,470,99342.75893268001
2020-12-01T00:00:00,1222,605,565,349633.31502634415
2020-12-02T00:00:00,1620,743,640,106691.16987585976
2020-12-03T00:00:00,1050,573,526,121771.79354659648
2020-12-04T00:00:00,1568,743,654,90648.44199436567
2020-12-05T00:00:00,1537,673,635,106034.48861550957
2020-12-06T00:00:00,1547,751,626,110488.3145498608
2020-12-07T00:00:00,1442,697,651,158475.920109167
2020-12-08T00:00:00,1602,754,706,94924.0503076589
2020-12-09T00:00:00,1254,641,601,62252.82104640659
2020-12-10T00:00:00,1444,707,663,77744.49810630828
2020-12-11T00:00:00,1592,778,691,84024.6347646253
2020-12-12T00:00:00,1744,817,812,85983.26853259794
2020-12-13T00:00:00,1596,732,668,85253.43227822534
2020-12-14T00:00:00,1377,639,664,99261.32458503103
2020-12-15T00:00:00,1161,607,598,64260.411337970654
2020-12-16T00:00:00,912,511,514,51169.85148812183
2020-12-17T00:00:00,707,405,422,50578.30942234439
2020-12-18T00:00:00,1194,674,644,113418.2261485701
2020-12-19T00:00:00,1286,633,645,89713.14855702496
2020-12-20T00:00:00,1235,644,585,81149.81606098711
2020-12-21T00:00:00,1142,568,572,75486.14956736863
2020-12-22T00:00:00,1430,700,685,318039.423215324
2020-12-23T00:00:00,942,524,501,231437.39614308154
2020-12-24T00:00:00,1149,597,596,201805.21142078922
2020-12-25T00:00:00,1146,612,627,172158.63411259046
2020-12-26T00:00:00,1022,549,574,239610.49634331628
2020-12-27T00:00:00,923,508,525,136260.38057613987
2020-12-28T00:00:00,839,450,480,86731.19621367333
2020-12-29T00:00:00,1150,585,600,125754.34679929589
2020-12-30T00:00:00,834,459,503,277206.457895077
2020-12-31T00:00:00,746,420,446,98426.81899307722
2021-01-01T00:00:00,1147,613,610,175567.65639010497
2021-01-02T00:00:00,905,466,507,103867.60520582399
2021-01-03T00:00:00,482,256,285,139290.94456798694
2021-01-04T00:00:00,717,398,400,243378.77960996877
2021-01-05T00:00:00,856,437,479,381721.99286439316
2021-01-06T00:00:00,698,369,410,347689.79186725494
2021-01-07T00:00:00,687,387,424,237767.67897426378
2021-01-08T00:00:00,863,495,492,226437.61589441885
2021-01-09T00:00:00,833,438,495,391945.43012397765
2021-01-10T00:00:00,618,360,386,289296.27023913263
2021-01-11T00:00:00,678,374,421,171465.57826746907
2021-01-12T00:00:00,916,510,559,216776.6825989744
2021-01-13T00:00:00,925,504,559,329139.5489923238
2021-01-14T00:00:00,714,421,420,177737.05781940793
2021-01-15T00:00:00,832,485,492,145746.63225592798
2021-01-16T00:00:00,853,477,480,350245.5212997363
2021-01-17T00:00:00,1008,514,525,364808.22154460056
2021-01-18T00:00:00,1035,500,536,429520.11940761324
2021-01-19T00:00:00,756,414,459,143713.06175280493
2021-01-20T00:00:00,1127,552,565,212780.3487367875
2021-01-21T00:00:00,972,495,500,206526.1957244558
2021-01-22T00:00:00,1181,647,554,293179.24054618983
2021-01-23T00:00:00,1087,577,576,1349348.3456269547
2021-01-24T00:00:00,977,532,575,503647.2373005184
2021-01-25T00:00:00,1010,536,582,359689.8191934389
2021-01-26T00:00:00,1298,720,719,503992.86992967135
2021-01-27T00:00:00,1230,644,635,745843.964499797
2021-01-28T00:00:00,1168,568,616,661721.7969335793
2021-01-29T00:00:00,1010,550,582,510327.301156294
2021-01-30T00:00:00,997,501,553,634664.7459136762
2021-01-31T00:00:00,1208,633,650,1451653.768859588
2021-02-01T00:00:00,1796,914,835,2866751.5374449994
2021-02-02T00:00:00,1957,950,945,5465020.844604563
2021-02-03T00:00:00,1510,760,769,2670024.9677687483
2021-02-04T00:00:00,1087,609,628,3077538.8857950736
2021-02-05T00:00:00,1077,611,613,1958588.5082063572
2021-02-06T00:00:00,1176,613,636,1868103.6404998032
2021-02-07T00:00:00,977,471,554,1955637.1218822391
2021-02-08T00:00:00,939,514,584,1978416.0581068113
2021-02-09T00:00:00,1058,557,666,1883279.0662506514
2021-02-10T00:00:00,502,251,319,2207090.191799404
2021-02-11T00:00:00,2023,984,989,1244924.5787436606
2021-02-12T00:00:00,1345,758,800,2123794.667566843
2021-02-13T00:00:00,1235,631,721,3555199.4751586006
2021-02-14T00:00:00,1662,833,933,5220860.05659491
2021-02-15T00:00:00,2074,929,1071,5308604.340766939
2021-02-16T00:00:00,2283,1090,1228,5692291.625378844
2021-02-17T00:00:00,1942,958,1093,7388896.523690874
2021-02-18T00:00:00,1719,914,993,7635257.53102112
2021-02-19T00:00:00,1595,872,924,8652778.122627078
2021-02-20T00:00:00,1649,763,931,6163239.09107675
2021-02-21T00:00:00,3314,1464,1622,18391250.36565498
2021-02-22T00:00:00,1440,769,831,9509950.256537026
2021-02-23T00:00:00,1167,546,639,4686647.087224117
2021-02-24T00:00:00,3348,1502,1603,5210611.147733851
2021-02-25T00:00:00,2024,1019,1169,3571747.0972435684
2021-02-26T00:00:00,8340,2328,2495,4377917.38886073
2021-02-27T00:00:00,6561,2225,2349,5283352.233697258
2021-02-28T00:00:00,3976,1853,1845,4781611.811600515
2021-03-01T00:00:00,4329,1938,1965,6151976.040883223
2021-03-02T00:00:00,5037,2198,2182,5337227.65385154
2021-03-03T00:00:00,3956,1896,1873,4789748.534193043
2021-03-04T00:00:00,4105,1964,1884,3898680.475971424
2021-03-05T00:00:00,3508,1774,1797,5658852.8332396075
2021-03-06T00:00:00,3286,1652,1673,2426830.466232482
2021-03-07T00:00:00,2929,1483,1549,3103887.0018426473
2021-03-08T00:00:00,3029,1615,1589,3786416.5887658503
2021-03-09T00:00:00,3157,1716,1705,3400669.9812103845
2021-03-10T00:00:00,3502,1851,1817,12669402.86195718
2021-03-11T00:00:00,3227,1747,1754,18282459.667497315
2021-03-12T00:00:00,4172,2120,1920,10327519.008023594
2021-03-13T00:00:00,4891,2357,2188,9976970.606928714
2021-03-14T00:00:00,4727,2309,2366,9418909.33354548
2021-03-15T00:00:00,3736,1912,2126,6048406.896650776
2021-03-16T00:00:00,3726,2031,2040,6323230.78779808
2021-03-17T00:00:00,3420,1833,1997,4907654.207957694
2021-03-18T00:00:00,3952,2085,2135,5393004.48932001
2021-03-19T00:00:00,3533,1945,1937,4474247.334499899
2021-03-20T00:00:00,3750,1893,1833,5218867.168316214
2021-03-21T00:00:00,4236,2144,2032,5893561.008046598
2021-03-22T00:00:00,3458,1860,1808,4562328.820927066
2021-03-23T00:00:00,3205,1786,1714,3494465.5891379374
2021-03-24T00:00:00,2912,1670,1557,2465445.0568218627
2021-03-25T00:00:00,2905,1650,1580,2542799.507591069
2021-03-26T00:00:00,2816,1582,1458,2151787.5963305444
2021-03-27T00:00:00,3023,1594,1615,3404181.1930883266
2021-03-28T00:00:00,3006,1594,1608,3134502.0965239457
2021-03-29T00:00:00,2849,1498,1585,3257436.5102910222
2021-03-30T00:00:00,2601,1434,1412,3802641.531960669
2021-03-31T00:00:00,2201,1245,1297,1688180.554879842
2021-04-01T00:00:00,1921,1094,1210,2913788.2010447765
2021-04-02T00:00:00,800,455,403,1812585.0559785252
2021-04-03T00:00:00,3020,1656,1818,1755377.7453944928
2021-04-04T00:00:00,2336,1233,1328,1694578.720267703
2021-04-05T00:00:00,2193,1299,1253,2807279.801300347
2021-04-06T00:00:00,2390,1403,1355,1953782.1433680484
2021-04-07T00:00:00,2514,1395,1449,2165149.3898258875
2021-04-08T00:00:00,2783,1604,1525,12835607.058554044
2021-04-09T00:00:00,2779,1588,1538,4753278.377615761
2021-04-10T00:00:00,2623,1416,1450,10355415.226158846
2021-04-11T00:00:00,3002,1657,1623,16276529.731673617
2021-04-12T00:00:00,2547,1416,1450,5677562.348172166
2021-04-13T00:00:00,2610,1457,1506,6009488.250793585
2021-04-14T00:00:00,2213,1316,1362,4507962.489706278
2021-04-15T00:00:00,2528,1462,1227,4832877.998419547
2021-04-16T00:00:00,2310,1384,1316,3716358.501937605
2021-04-17T00:00:00,2168,1206,1255,4325625.042642479
2021-04-18T00:00:00,1944,1159,1152,3764029.076689654
2021-04-19T00:00:00,1561,922,1011,4304631.080006097
2021-04-20T00:00:00,488,283,288,3837193.0747665265
2021-04-21T00:00:00,2275,1426,1409,2975236.0030811653
2021-04-22T00:00:00,1928,1168,1219,3180756.051342437
2021-04-23T00:00:00,2465,1388,1476,3885375.9526994606
2021-04-24T00:00:00,2096,1157,1141,2453489.6201656987
2021-04-25T00:00:00,1986,1152,1099,1835857.1617717354
2021-04-26T00:00:00,1797,1068,1060,2490610.066523504
2021-04-27T00:00:00,1984,1217,1213,6228842.675814477
2021-04-28T00:00:00,1519,964,1059,2587808.3956160303
2021-04-29T00:00:00,1596,988,1045,2562362.460873652
2021-04-30T00:00:00,2047,1239,1312,2527508.350979436
2021-05-01T00:00:00,3715,1822,1486,7544909.311911326
2021-05-02T00:00:00,3253,1698,1457,7819310.400100306
2021-05-03T00:00:00,3828,2209,1798,33792148.82743594
2021-05-04T00:00:00,3604,1978,1615,24686941.447271835
2021-05-05T00:00:00,2283,1446,1387,10305715.303768981
2021-05-06T00:00:00,2111,1340,1307,7497132.615976583
2021-05-07T00:00:00,2249,1425,1358,5546529.419386269
2021-05-08T00:00:00,961,669,599,8842481.266587572
2021-05-09T00:00:00,2151,1304,1279,8110373.730744631
2021-05-10T00:00:00,612,448,411,5674331.041514302
2021-05-11T00:00:00,908,627,659,5902253.477854132
2021-05-12T00:00:00,526,383,374,3168364.956599099
2021-05-13T00:00:00,2359,1491,1422,7447976.834896894
2021-05-14T00:00:00,2464,1427,1448,4186428.0850086687
2021-05-15T00:00:00,2305,1350,1443,2541890.8339519566
2021-05-16T00:00:00,1575,986,1111,1719118.2071809382
2021-05-17T00:00:00,1524,969,976,1413838.44751929
2021-05-18T00:00:00,2197,1316,1402,3073793.919051527
2021-05-19T00:00:00,1100,689,801,1343843.5765018668
2021-05-20T00:00:00,2225,1305,1411,1793080.0786676195
2021-05-21T00:00:00,2254,1363,1421,1505997.8637976155
2021-05-22T00:00:00,1717,993,1150,1744013.2654056216
2021-05-23T00:00:00,1612,965,1118,1565218.5076873628
2021-05-24T00:00:00,1765,1100,1174,2847031.7137040156
2021-05-25T00:00:00,2386,1386,1492,1812440.7707001297
2021-05-26T00:00:00,1840,1072,1188,1318920.8150414103
2021-05-27T00:00:00,1824,1179,1220,1309514.3801089749
2021-05-28T00:00:00,1855,1157,1218,2133938.5811823853
2021-05-29T00:00:00,1480,906,988,1519144.2335391762
2021-05-30T00:00:00,2071,1201,1263,3329198.180682434
2021-05-31T00:00:00,1929,1212,1196,2417356.5849938663
2021-06-01T00:00:00,2116,1327,1352,3678432.282930385
2021-06-02T00:00:00,1808,1106,1165,1952404.6161336808
2021-06-03T00:00:00,1741,1028,1081,1979171.129406479
2021-06-04T00:00:00,1687,976,1067,1639298.0285484213
2021-06-05T00:00:00,1455,888,924,1799947.5306800054
2021-06-06T00:00:00,2133,1088,1119,3168281.9905790165
2021-06-07T00:00:00,1659,1061,1055,4500803.713606679
2021-06-08T00:00:00,1630,1050,1065,3438711.320536186
2021-06-09T00:00:00,1691,900,972,1974231.8088212903
2021-06-10T00:00:00,1701,974,1051,3212429.8725493774
2021-06-11T00:00:00,1957,1074,1196,3193810.738497923
2021-06-12T00:00:00,1881,885,998,1916122.7206163506
2021-06-13T00:00:00,1886,948,1043,2056462.2246480547
2021-06-14T00:00:00,1792,1059,1040,2615652.6788045582
2021-06-15T00:00:00,3142,1672,1491,4478848.350654109
2021-06-16T00:00:00,2586,1415,1395,3669669.0722547257
2021-06-17T00:00:00,2211,1264,1296,3557434.945246139
2021-06-18T00:00:00,4955,2393,1981,4793219.44279656
2021-06-19T00:00:00,4145,1877,1953,5795264.282917852
2021-06-20T00:00:00,8158,3104,2636,11509653.60258083
2021-06-21T00:00:00,7060,3043,2472,8555564.536772454
2021-06-22T00:00:00,3933,2028,2048,4438654.8175161285
2021-06-23T00:00:00,4024,2068,2109,4215446.318896578
2021-06-24T00:00:00,3665,1966,2006,4238686.641807659
2021-06-25T00:00:00,7554,3418,2647,9054307.285963802
2021-06-26T00:00:00,5281,2358,2414,5767450.822215711
2021-06-27T00:00:00,8247,3596,2834,6993902.166873028
2021-06-28T00:00:00,5811,2782,2742,6931692.278660953
2021-06-29T00:00:00,4952,2508,2443,5013700.659113176
2021-06-30T00:00:00,6256,2988,2522,4910208.874543819
2021-07-01T00:00:00,5403,2652,2501,3960461.763934166
2021-07-02T00:00:00,5449,2549,2533,4672956.083718245
2021-07-03T00:00:00,5762,2527,2538,3568879.9891673587
2021-07-04T00:00:00,6855,2893,2773,7039907.456222547
2021-07-05T00:00:00,6294,2941,3014,6810506.199309811
2021-07-06T00:00:00,6014,2979,3082,6376771.573867396
2021-07-07T00:00:00,7325,3467,3355,8196246.380614901
2021-07-08T00:00:00,4985,2541,2654,5333728.795563633
2021-07-09T00:00:00,5477,2733,2868,8798551.158005726
2021-07-10T00:00:00,4439,2301,2423,6359205.918209504
2021-07-11T00:00:00,4507,2372,2586,6949632.406615675
2021-07-12T00:00:00,4612,2558,2619,8074897.509722724
2021-07-13T00:00:00,4527,2411,2743,8450839.29086129
2021-07-14T00:00:00,5120,2700,2812,7260662.361676104
2021-07-15T00:00:00,6402,3496,3320,11518491.543325828
2021-07-16T00:00:00,8104,3945,3926,14702786.339153424
2021-07-17T00:00:00,10006,4325,4232,14650951.142511515
2021-07-18T00:00:00,9062,4288,3830,9159807.632521752
2021-07-19T00:00:00,6123,3082,3082,9384418.469538229
2021-07-20T00:00:00,8781,4374,4175,7536431.6795314755
2021-07-21T00:00:00,6224,3304,3377,6674321.342774568
2021-07-22T00:00:00,6388,3158,3239,5781210.633368139
2021-07-23T00:00:00,7005,3607,3739,6733058.846139901
2021-07-24T00:00:00,8503,4005,4057,8429770.90080787
2021-07-25T00:00:00,10868,4442,4429,10530354.76820051
2021-07-26T00:00:00,10089,4384,4446,14628579.17295106
2021-07-27T00:00:00,12542,5767,5107,15918066.149899524
2021-07-28T00:00:00,12521,5877,4979,17451952.72830184
2021-07-29T00:00:00,9061,4405,4255,17181610.72900151
2021-07-30T00:00:00,8892,4319,4545,53033615.11201597
2021-07-31T00:00:00,13254,5811,5428,77495405.11801572
2021-08-01T00:00:00,20949,8131,7800,73354870.64963713
2021-08-02T00:00:00,22394,8070,7662,40682170.80305386
2021-08-03T00:00:00,22263,9141,8132,50866113.735978775
2021-08-04T00:00:00,22554,9408,8662,73612925.05178599
2021-08-05T00:00:00,26613,10998,9232,93133155.9570741
2021-08-06T00:00:00,25124,10815,9587,87984205.6491353
2021-08-07T00:00:00,22411,10043,8852,67111667.56070657
2021-08-08T00:00:00,27441,11794,9446,66913241.335472755
2021-08-09T00:00:00,26109,11921,9561,68685213.24665298
2021-08-10T00:00:00,26064,12302,9720,58911970.36333838
2021-08-11T00:00:00,22186,10589,8976,52331556.390051045
2021-08-12T00:00:00,17166,8708,8138,44910735.46837374
2021-08-13T00:00:00,19960,9709,8483,46525092.9132788
2021-08-14T00:00:00,21354,9725,8567,58131905.84511196
2021-08-15T00:00:00,24409,10865,8659,49637173.81412699
2021-08-16T00:00:00,20768,9989,8284,42239613.73137744
2021-08-17T00:00:00,21088,9826,8603,41171790.439625695
2021-08-18T00:00:00,14658,7568,7471,48663401.9284543
2021-08-19T00:00:00,17126,8988,7598,42308985.626321904
2021-08-20T00:00:00,17202,8081,8313,89335831.28984922
2021-08-21T00:00:00,18973,9029,9218,103657715.44114667
2021-08-22T00:00:00,21977,10277,10234,105253398.76435278
2021-08-23T00:00:00,27613,13340,12654,271377170.08951616
2021-08-24T00:00:00,30005,14938,13746,179312813.03462982
2021-08-25T00:00:00,31069,15465,13638,156199888.3335487
2021-08-26T00:00:00,24037,12494,12173,124793667.58211452
2021-08-27T00:00:00,21560,11714,10188,175249359.23669007
2021-08-28T00:00:00,28530,14807,12476,386326446.2058911
2021-08-29T00:00:00,29424,15285,13084,279257552.5467762
2021-08-30T00:00:00,27773,14568,13772,205794948.71560946
2021-08-31T00:00:00,22241,12391,11163,148864396.08694777
2021-09-01T00:00:00,21414,11936,10727,146524745.02722436
2021-09-02T00:00:00,15214,8787,8452,161513209.74719003
2021-09-03T00:00:00,16011,8797,8308,111618385.99647681
2021-09-04T00:00:00,17167,9508,8827,107302328.65519176
2021-09-05T00:00:00,17837,10627,8176,99020854.09830025
2021-09-06T00:00:00,17671,9951,8758,88941025.11109352
2021-09-07T00:00:00,14416,8764,7841,64353678.375833616
2021-09-08T00:00:00,17010,9735,8292,62051068.4806505
2021-09-09T00:00:00,22279,12403,10074,65480892.98042849
2021-09-10T00:00:00,18980,10923,8504,50235135.73724312
2021-09-11T00:00:00,12994,7797,7318,43866011.26699697
2021-09-12T00:00:00,16925,9261,8712,41292158.665543266
2021-09-13T00:00:00,16811,9087,9774,71380771.23732997
2021-09-14T00:00:00,19621,10872,10217,62668439.38983051
2021-09-15T00:00:00,25391,12460,11852,98784451.99742629
2021-09-16T00:00:00,21191,11616,11640,94696392.42897795
2021-09-17T00:00:00,18549,10439,10067,52446997.43156535
2021-09-18T00:00:00,20921,11006,11340,68209242.73958036
2021-09-19T00:00:00,21332,10855,11685,65418942.77809394
2021-09-20T00:00:00,18504,9369,10985,39874245.750403166
2021-09-21T00:00:00,16776,9123,10117,43690287.832157314
2021-09-22T00:00:00,16696,9208,9867,44518469.495827064
2021-09-23T00:00:00,16937,9229,10307,47901926.78136574
2021-09-24T00:00:00,17336,9391,10417,52516789.04631953
2021-09-25T00:00:00,15435,8301,9595,47039413.06422643
2021-09-26T00:00:00,20657,10449,10405,59142058.78138598
2021-09-27T00:00:00,28492,14211,13734,81047434.73567484
2021-09-28T00:00:00,22783,12181,12909,74081713.78261448
2021-09-29T00:00:00,21178,11552,11588,69868815.4768406
2021-09-30T00:00:00,30316,15695,13045,89020088.31268886
2021-10-01T00:00:00,23956,12907,11956,74445328.2767171
2021-10-02T00:00:00,24565,12787,11831,72268642.61463678
2021-10-03T00:00:00,28918,14992,14562,99934403.8671131
2021-10-04T00:00:00,33317,16259,15360,104695621.46853513
2021-10-05T00:00:00,33393,17022,15530,103955305.10915945
2021-10-06T00:00:00,27516,14432,15129,76008419.26242924
2021-10-07T00:00:00,30794,16049,14805,109617733.09222361
2021-10-08T00:00:00,28871,15378,13823,76827193.7936352
2021-10-09T00:00:00,23269,12766,12278,64556216.13033357
2021-10-10T00:00:00,17588,9823,10153,49181195.46517988
2021-10-11T00:00:00,19207,10982,9977,46727022.546341404
2021-10-12T00:00:00,15547,9176,9375,47881737.15072605
2021-10-13T00:00:00,17814,10598,11247,74272120.21335936
2021-10-14T00:00:00,16161,9526,9836,66686356.79483535
2021-10-15T00:00:00,17015,10320,9898,61844090.83147423
2021-10-16T00:00:00,14248,8519,8675,40560746.31566018
2021-10-17T00:00:00,17615,9975,9823,55300564.32253511
2021-10-18T00:00:00,14794,8823,9129,45334261.70271634
2021-10-19T00:00:00,12891,7875,8492,39252208.828335606
2021-10-20T00:00:00,13447,7901,8580,40637038.80065626
2021-10-21T00:00:00,14483,8767,9626,44881508.20874554
2021-10-22T00:00:00,13579,8175,9208,45405424.57736543
2021-10-23T00:00:00,12839,7613,8222,50544475.142190866
2021-10-24T00:00:00,12690,7435,8200,38246754.62458643
2021-10-25T00:00:00,12756,7785,7585,37982922.97754441
2021-10-26T00:00:00,11951,7470,7192,33438744.406874247
2021-10-27T00:00:00,8853,5419,5757,30566557.099291746
2021-10-28T00:00:00,10169,5806,6405,33404853.734469596
2021-10-29T00:00:00,8176,5243,5590,30491251.675373077
2021-10-30T00:00:00,8760,5260,5609,34909213.0504926
